-0.0030713559   -8.871275e-05   0.0005503199   -0.0064639063   -0.0029662417   0.0009900945   -0.0030800255   -2.5091478e-05   -0.00044348856   -0.006478071   -0.0029559822   -0.0011471234
0.0047891936   0.03381278   -0.0011710115   -0.037322562   0.012500197   -0.22510271   -0.018473634   0.019929437   0.0036397744   0.0033564516   -0.002176523   0.01596192
0.05199284   0.005416587   0.012152432   -0.10245466   0.035346474   -0.017095814   0.055071384   -0.0021199612   0.068795994   -0.1162367   0.040963903   0.015507804
0.043184914   -0.0011605193   0.002148563   -0.10968926   0.04534617   -0.008477024   0.041964162   -0.008360381   0.038128216   -0.09857194   0.034268193   0.006453413
0.035611298   0.00924558   0.011486763   -0.0851902   0.03320455   -0.008588082   0.031399008   0.0047501964   0.027481908   -0.08242371   0.032340445   -0.0028537004
0.031122888   0.013922404   0.011173187   -0.071016185   0.025707865   -0.010708813   0.028563732   0.010972433   0.015593514   -0.07395314   0.029527595   -0.007829881
0.028155655   0.015796881   0.009255817   -0.06407945   0.022365823   -0.012331724   0.025925657   0.01388869   0.0070583136   -0.068860605   0.028273035   -0.0110678105
0.02663747   0.019004282   -0.0022113218   -0.056887086   0.017687762   -0.016888022   0.023106014   0.015087607   0.008963335   -0.06298233   0.02619951   -0.011769033
0.025599858   0.022263793   -0.011863853   -0.051547643   0.012948774   -0.018226514   0.019453978   0.01656602   0.010430205   -0.05638224   0.023990033   -0.012161454
0.022843821   0.02313123   -0.015637193   -0.046905365   0.0104925055   -0.017704902   0.015416548   0.01681323   0.01011644   -0.049481824   0.021434037   -0.011984653
0.019817216   0.022204762   -0.016803255   -0.043655053   0.009759224   -0.016617792   0.011020867   0.015898796   0.008603672   -0.04191754   0.018340843   -0.0113364
0.016782772   0.020609992   -0.016465561   -0.040826976   0.009615201   -0.015285109   0.0066690906   0.014577433   0.007249668   -0.034789752   0.015448436   -0.010331787
0.013953592   0.01888891   -0.0155276805   -0.037798144   0.009434103   -0.013902316   0.0029306996   0.013200901   0.006316667   -0.028616477   0.013052151   -0.009210014
0.0114616575   0.01713438   -0.014445406   -0.034482174   0.009107124   -0.01251677   0.00017995517   0.011820043   0.005557716   -0.023561893   0.011166667   -0.008094179
0.009191035   0.015432239   -0.013492407   -0.03114452   0.008794511   -0.011164571   -0.0018371228   0.010493575   0.004797257   -0.019484118   0.009793086   -0.0070509375
0.0070498916   0.013525051   -0.012231143   -0.027861342   0.008678059   -0.0097136265   -0.0030670182   0.009071003   0.0038714868   -0.01644915   0.008905855   -0.006022648
0.006689515   0.01363084   -0.016550874   -0.02500853   0.006952898   -0.011498968   -0.004431505   0.008046585   0.0051354286   -0.01383282   0.008664312   -0.0051043457
0.004752755   0.011397227   -0.015067509   -0.021761041   0.006602322   -0.011337134   -0.0047621867   0.00603235   0.0052797287   -0.013317059   0.009286956   -0.0038350285
0.002934638   0.008590489   -0.012753367   -0.019414468   0.0073842327   -0.010311223   -0.0046829036   0.004022715   0.0036169968   -0.0120461425   0.009201642   -0.0027302194
0.001678996   0.005584395   -0.009535524   -0.017574018   0.008485701   -0.008787472   -0.004305165   0.0020834869   0.0017944468   -0.010465513   0.008726442   -0.0016461415
0.0007233098   0.0024200496   -0.005454925   -0.015846731   0.009642073   -0.007467903   -0.0035534594   0.00014436095   0.00013706191   -0.009180048   0.008239385   -0.00061907584
6.399857e-05   -0.00046374477   -0.0018160403   -0.014092371   0.010488798   -0.006913302   -0.0025377132   -0.0016690895   -0.0012361783   -0.008223931   0.007800992   0.00022559996
0.0004345735   -0.0018055933   -0.0011001121   -0.012531999   0.010108787   -0.008746328   -0.0017748651   -0.002979906   -0.0009112127   -0.007576868   0.007709539   0.00082327967
0.00035963356   -0.0029062717   -0.00044995252   -0.010651896   0.00950947   -0.010246373   -0.001013752   -0.0040692138   -0.00045306838   -0.007584748   0.00792865   0.0012838044
0.00018117842   -0.0034625337   -0.00031556425   -0.008978572   0.008851343   -0.011209323   -0.0004813276   -0.0046469676   -0.0001944372   -0.007438677   0.008013186   0.0014968071
-6.706315e-05   -0.003579006   -0.0003305394   -0.007595669   0.008268464   -0.011078279   -0.00028345746   -0.004712523   -0.000118455726   -0.006933138   0.007854408   0.0015387407
-0.00035529956   -0.0033501093   -0.0003407743   -0.0064323093   0.0077463496   -0.009982922   -0.00040462162   -0.00436503   -6.3381056e-05   -0.006122202   0.007516201   0.0014654007
-0.0006265842   -0.0029014705   -0.00030096923   -0.005501487   0.007271605   -0.008335548   -0.0007040282   -0.0037623264   1.679693e-05   -0.0052174726   0.0071073286   0.0013338495
-0.0008932406   -0.0023480428   -0.00023460058   -0.0046743993   0.006817665   -0.006385285   -0.0010886871   -0.0030339055   0.00011266723   -0.004268928   0.006652437   0.001150825
-0.0011790852   -0.001781223   -0.00018866075   -0.003988731   0.0064752894   -0.004527889   -0.0015053729   -0.00230258   0.00018293518   -0.0034128998   0.006260147   0.0009635865
-0.0014431679   -0.0012481188   -0.0001539467   -0.0033944442   0.00616728   -0.002888434   -0.0018720236   -0.0016237724   0.00023742927   -0.002686257   0.0059208046   0.00076639524
-0.0016821594   -0.00077158667   -0.00012888432   -0.002873793   0.0059089544   -0.0015728943   -0.002160753   -0.0010275494   0.00028075164   -0.002119799   0.0056675286   0.000571171
-0.0018421191   -0.00035475552   -9.9624915e-05   -0.0023674087   0.0056552826   -0.00058622716   -0.00230192   -0.00051516533   0.00032807508   -0.0016979313   0.0054838103   0.00037605086
-0.0020169471   -1.1447723e-05   -7.8327736e-05   -0.0019981742   0.0054942444   2.7265796e-05   -0.002410507   -0.00010935101   0.0003644088   -0.0014906864   0.005429439   0.00019816471
-0.0021303927   0.0002631908   -4.9276172e-05   -0.00165842   0.0053770444   0.00035016803   -0.0024132186   0.0002057319   0.00041033427   -0.0014021898   0.0054530543   3.7420617e-05
-0.0021677006   0.00048326186   -2.2905078e-05   -0.001328259   0.005251198   0.00044785455   -0.0023093221   0.00044986332   0.00045313963   -0.0013764006   0.005496725   -0.00011306921
-0.0021465633   0.00065323146   -5.1714237e-06   -0.0010377839   0.0051357425   0.00037139072   -0.0021305315   0.000629417   0.0004853251   -0.0014103394   0.0055573983   -0.00024683456
-0.0020804966   0.0007745748   2.1336791e-06   -0.00079341   0.005033088   0.00016773902   -0.0019097094   0.00074919144   0.0005048084   -0.001472353   0.0056175436   -0.0003601769
-0.0020804966   0.0007745748   2.1336791e-06   -0.00079341   0.005033088   0.00016773902   -0.0019097094   0.00074919144   0.0005048084   -0.001472353   0.0056175436   -0.0003601769
-0.0013277475   0.0008304421   -6.9552166e-06   -0.0005985539   0.004783508   -0.0006821104   -0.0010812463   0.00076624646   0.00049000233   -0.001407524   0.0054671206   -0.00050221925
-0.00160602   0.0008297206   -7.8432335e-05   -1.916426e-05   0.004503891   -0.0009553207   -0.001133713   0.00076974113   0.00045504863   -0.0012047136   0.005335735   -0.00055117474
-0.0016128235   0.00088876014   -4.0424802e-05   -0.00016047104   0.0045844   -0.0010939046   -0.0010186869   0.00080882665   0.00048044915   -0.0016024787   0.0055496464   -0.0005870771
-0.0015583773   0.00091696036   -7.309924e-05   -8.703296e-05   0.0044986173   -0.00115875   -0.0009925285   0.0008401057   0.00044807262   -0.0014467746   0.0054310495   -0.0006301051
-0.0014711986   0.00094666844   -0.00013321148   1.1430283e-05   0.004380072   -0.0011826357   -0.0009635525   0.0008776411   0.00038655775   -0.0011817041   0.00520866   -0.0006582559
-0.0014331597   0.0009888754   -0.00017242094   5.1922445e-05   0.004275328   -0.0011330261   -0.0009945128   0.0009291416   0.00034050713   -0.0009722016   0.005014075   -0.0006726485
-0.0014017675   0.0010248362   -0.00021528358   7.827217e-05   0.004166582   -0.0010306676   -0.001045054   0.0009771817   0.0002891309   -0.0007480917   0.004797386   -0.00068728597
-0.0013890904   0.0010704271   -0.00025582302   0.000107057276   0.004146067   -0.00091005064   -0.0011158542   0.001037488   0.00024551092   -0.0005217805   0.004634091   -0.00069946836
-0.0013675502   0.0011085572   -0.0002917258   0.00013450046   0.0039741746   -0.0007024187   -0.0011692627   0.0010923025   0.00019651213   -0.00031582048   0.00438412   -0.00070963235
-0.0013775582   0.0011551718   -0.00032631395   0.00015530769   0.003949457   -0.00054243853   -0.001247601   0.001154399   0.0001581618   -0.00013220156   0.0042443858   -0.00072142173
-0.0013775582   0.0011551718   -0.00032631395   0.00015530769   0.003949457   -0.00054243853   -0.001247601   0.001154399   0.0001581618   -0.00013220156   0.0042443858   -0.00072142173
-0.0009687535   0.0011260471   -0.00025621607   -5.1444764e-05   0.003653681   -0.00052565214   -0.00092859846   0.0011155573   0.00017704266   -0.00021076447   0.003953619   -0.0007230266
-0.0014345482   0.0011072916   -0.00040860707   0.00037062968   0.0036044929   -0.0004737191   -0.0013801727   0.0011221713   6.723476e-05   0.00030529327   0.0037678478   -0.00068584
-0.0014727832   0.0011658574   -0.0004174609   0.00026526532   0.0036120906   -0.00020514734   -0.0014483206   0.0011930693   4.5534707e-05   0.00026930813   0.0037348475   -0.0006976167
-0.0014561345   0.0012048451   -0.00039906832   0.0002658323   0.0035648055   -1.687672e-05   -0.0014615956   0.0012453337   5.8032318e-05   0.0003078935   0.0036849075   -0.0007117455
-0.0014430553   0.0012238427   -0.00041135852   0.00028524053   0.0035102551   0.00012491322   -0.0014529764   0.0012735478   4.1493953e-05   0.0003476909   0.003609635   -0.0007106668
-0.0013647898   0.0011963608   -0.00040874208   0.00027821324   0.0034634736   0.00014923493   -0.0013697607   0.0012454612   3.8671777e-05   0.00033206734   0.003565248   -0.0006966976
-0.0013742959   0.0011575875   -0.00042710893   0.0003210491   0.0033962813   0.00013732254   -0.0013599669   0.0012055642   1.9345804e-05   0.00035658816   0.0034956806   -0.0006737155
-0.0013337093   0.0010963939   -0.0004310946   0.00035032997   0.0033226837   9.3796094e-05   -0.0013007409   0.0011398261   1.2664394e-05   0.00035719314   0.0034332604   -0.000638633
-0.0012645599   0.001037687   -0.00042640927   0.00035116967   0.0032438394   4.9774066e-05   -0.001219635   0.0010751801   1.0873807e-05   0.00033587468   0.0033661656   -0.0006024816
-0.0012237899   0.0009796749   -0.00042497632   0.00037521028   0.0031947957   1.5310803e-05   -0.001173894   0.0010139765   1.01875985e-05   0.00035240315   0.0033078545   -0.00056724966
-0.0011798464   0.00092459685   -0.0004214381   0.00038203268   0.0031355924   -1.0061049e-05   -0.001132919   0.0009555205   8.915824e-06   0.0003658873   0.0032367085   -0.000531646
-0.0011433297   0.0008780732   -0.0004046851   0.0003872162   0.0030648636   -3.1614498e-05   -0.0010961572   0.0009013138   -9.417049e-07   0.00038426896   0.0031517171   -0.00049955596
-0.0011213245   0.0008407579   -0.00038447898   0.00040208857   0.003002468   -4.436065e-05   -0.0010772491   0.0008558483   -1.5418771e-05   0.00042599236   0.0030580978   -0.00047016336
-0.0010923505   0.0008131661   -0.0003639974   0.00039952528   0.0029403463   -2.7504138e-05   -0.0010544994   0.0008216933   -2.9403118e-05   0.00045402595   0.002966014   -0.00044416983
-0.0010810833   0.0007885702   -0.00034731938   0.00041923748   0.0028660984   -5.7641623e-06   -0.0010501582   0.00079305004   -4.2208794e-05   0.00050366943   0.0028653948   -0.0004225092
-0.0010567796   0.0007726733   -0.00033209685   0.0004085755   0.0028108389   3.827302e-05   -0.0010309842   0.0007733632   -5.5846536e-05   0.0005192771   0.0027805301   -0.00040382493
-0.0010439124   0.00076288334   -0.00031476797   0.00040716925   0.0027263125   8.313735e-05   -0.0010265721   0.00076103065   -6.609045e-05   0.00054473657   0.0026873874   -0.0003892703
-0.0010497521   0.0007563902   -0.00030638007   0.00041835228   0.0026863785   0.00013420136   -0.001037572   0.0007539193   -7.848974e-05   0.000580981   0.0026158288   -0.00037638115
-0.0010482128   0.00074982375   -0.00029543423   0.00042281995   0.002628799   0.00017871881   -0.0010381232   0.0007461545   -8.801411e-05   0.0006002022   0.002543756   -0.00036624374
-0.0010296985   0.0007444438   -0.00028538148   0.00040945035   0.0025813552   0.00021759733   -0.001014945   0.00073828007   -9.7949836e-05   0.0005889213   0.0024847824   -0.00035789973
-0.0009886917   0.0007304626   -0.00026388458   0.0003985951   0.0025329674   0.00022207938   -0.000972462   0.00071997085   -9.639123e-05   0.0005756584   0.0024359792   -0.0003489469
-0.0009911893   0.0007196176   -0.00025681785   0.00041687852   0.0024716815   0.00022509262   -0.000962256   0.0007055112   -0.00010831701   0.00058405503   0.0023701587   -0.0003414213
-0.0009941199   0.0007166231   -0.00024402936   0.00040744184   0.0024597335   0.000244803   -0.0009606557   0.0006987969   -0.00011473297   0.0005760177   0.0023409973   -0.0003301588
-0.0009997269   0.00071335206   -0.00022834996   0.00042028097   0.0023927854   0.00025536242   -0.0009629787   0.0006928085   -0.00011800716   0.00058679254   0.0022799796   -0.00032322912
-0.0009808101   0.00070500135   -0.00021239652   0.00042570024   0.002346503   0.00025638353   -0.0009357817   0.0006808641   -0.00011920296   0.0005800071   0.0022332424   -0.00031677005
-0.00096891884   0.00069386343   -0.00019879502   0.00043970262   0.0022952894   0.00024141087   -0.0009132757   0.0006653807   -0.00012257308   0.00057992735   0.0021827423   -0.00030947066
-0.0009495766   0.0006868821   -0.00018652668   0.00042949204   0.0022791354   0.0002404437   -0.00088687707   0.00065413973   -0.00012651121   0.000563431   0.002156613   -0.0003035953
-0.00092286937   0.00067775365   -0.00017050533   0.000425282   0.0022134767   0.00022511855   -0.00085023476   0.00063965394   -0.00012940734   0.00054419297   0.0020998265   -0.00029507966
-0.00089533004   0.0006656128   -0.00015824732   0.00042849718   0.002165142   0.00020533637   -0.0008172048   0.0006231138   -0.00013248334   0.00054200384   0.0020478973   -0.0002876052
-0.0008706225   0.0006552168   -0.00014578678   0.00042885193   0.002115092   0.00018712417   -0.00078741286   0.0006081659   -0.00013641868   0.00053842994   0.0019942785   -0.0002812668
-0.000849636   0.000645725   -0.00013417516   0.00042722427   0.0020667685   0.00017116239   -0.0007621601   0.0005943817   -0.00014054081   0.0005343544   0.00194214   -0.00027545213
-0.0008263285   0.00063571165   -0.00012327115   0.00042044462   0.0020387324   0.00015579675   -0.00073701853   0.0005802655   -0.00014351409   0.00052937027   0.0019017628   -0.00026918034
-0.0008068463   0.00062993896   -0.00011349879   0.00041080988   0.0019955835   0.00014806901   -0.000715733   0.00057069905   -0.0001487022   0.0005223724   0.0018524152   -0.00026441255
-0.00080235366   0.00062466454   -0.00010685581   0.0004196453   0.001929741   0.00014054215   -0.00070777524   0.000562827   -0.00015539446   0.0005311947   0.0017884442   -0.00026156657
-0.0007964481   0.00062088337   -0.00010099663   0.00042340087   0.001884519   0.00013663206   -0.00069957133   0.0005566827   -0.0001614125   0.0005372046   0.0017382229   -0.000258261
-0.00078839064   0.00061728404   -9.510884e-05   0.0004233869   0.0018420852   0.0001345704   -0.0006895673   0.0005508342   -0.00016686361   0.00053937314   0.0016907478   -0.0002559372
-0.00076539133   0.00060851447   -8.784335e-05   0.00041669677   0.0017999901   0.0001215263   -0.00066364394   0.00053895975   -0.00017012787   0.0005307515   0.0016469045   -0.00025341354
-0.0007612251   0.00061091897   -8.363515e-05   0.00040460617   0.0017656051   0.00012917402   -0.0006576092   0.0005389365   -0.00017845164   0.0005234199   0.0016066985   -0.00025091617
-0.00075490406   0.0006071633   -7.7091674e-05   0.00040425695   0.0017186014   0.00012642944   -0.0006514322   0.00053351757   -0.00018074088   0.00052498607   0.0015617857   -0.00024911822
-0.00074149953   0.00060707936   -7.453222e-05   0.00039048822   0.0017046992   0.00013517612   -0.000635354   0.00053165574   -0.0001865607   0.0005126404   0.001533633   -0.00024650057
-0.00073608966   0.00060405757   -7.003971e-05   0.00039255965   0.0016670529   0.0001340839   -0.0006283836   0.00052722776   -0.00018984296   0.0005149887   0.0014953449   -0.00024447282
-0.0007081106   0.0005883413   -6.539319e-05   0.00038916912   0.0016270418   0.00010878821   -0.0005924754   0.00050827017   -0.00019159766   0.0004987076   0.0014587663   -0.00024177076
-0.0006982199   0.00058862416   -5.838919e-05   0.00037179558   0.0015940698   0.00010560004   -0.00058260415   0.00050532987   -0.0001965561   0.0004860439   0.0014240239   -0.00023686978
-0.00069606485   0.00058438326   -5.326246e-05   0.0003732438   0.0015729156   0.00010827032   -0.0005810253   0.0005001134   -0.00019767042   0.00049049396   0.0013950052   -0.00023297383
-0.00068259536   0.0005793317   -4.809882e-05   0.0003692397   0.0015415587   0.00010577869   -0.00056668476   0.00049343775   -0.00019927508   0.00048638237   0.0013616633   -0.00022918584
-0.00065365137   0.0005630026   -3.9577462e-05   0.0003667435   0.0014919654   7.712372e-05   -0.0005337043   0.00047395905   -0.00019707096   0.00047374377   0.001322312   -0.00022568312
-0.0006582363   0.00056003797   -3.7309943e-05   0.0003659243   0.0014753314   7.404392e-05   -0.0005367543   0.00046892554   -0.00020300846   0.00047726138   0.001293696   -0.00021951982
-0.00064136216   0.00055398105   -3.326984e-05   0.00035251313   0.001451684   7.703678e-05   -0.0005187695   0.00046130866   -0.00020471004   0.00046317728   0.0012660638   -0.00021492531
-0.0006333986   0.00054746063   -2.820341e-05   0.00035436047   0.0014166798   7.2756215e-05   -0.0005115327   0.0004536877   -0.0002049753   0.00046644258   0.0012314101   -0.00021110459
-0.0006243437   0.0005458121   -2.5671066e-05   0.00034423033   0.001393681   8.074762e-05   -0.00050201843   0.00045099526   -0.00020820818   0.00045826504   0.0012024083   -0.00020718198
-0.0006085508   0.0005364115   -2.1321068e-05   0.000343648   0.0013593704   7.342907e-05   -0.00048549505   0.0004405734   -0.00020715501   0.0004547592   0.0011706158   -0.00020395945
-0.00058386096   0.00052730064   -1.5375317e-05   0.0003284586   0.0013342347   6.136458e-05   -0.00046113526   0.0004291834   -0.00020625954   0.00043900372   0.0011449376   -0.00019962972
-0.00058173627   0.00052113424   -1.4179852e-05   0.00032985592   0.0013027425   5.803844e-05   -0.00045698872   0.0004218631   -0.00020982556   0.00043992582   0.0011115802   -0.00019540502
-0.0005622459   0.00051288237   -1.1650892e-05   0.00031544376   0.0012923054   5.4315933e-05   -0.00043705144   0.0004121797   -0.00021004638   0.00042506182   0.0010932005   -0.00019093502
-0.00055794115   0.0005054965   -7.616418e-06   0.00031889844   0.0012403446   4.5552315e-05   -0.00043228522   0.00040352374   -0.00021123768   0.00042738297   0.0010524504   -0.00018736992
-0.00055411423   0.0004983849   -5.7297307e-06   0.0003189129   0.0012226515   4.2829768e-05   -0.00042736888   0.00039554905   -0.00021240828   0.00042694106   0.0010289942   -0.0001831824
-0.0005291548   0.00048845634   -7.962047e-06   0.00029964693   0.0011996247   4.6426583e-05   -0.00040651704   0.0003869097   -0.0002077046   0.00040715674   0.0010104664   -0.00017917121
-0.0005309354   0.00048400243   -8.473474e-06   0.00030246392   0.0011765145   4.6521767e-05   -0.00040653168   0.00038198984   -0.00021072279   0.00040939913   0.0009833773   -0.00017552199
-0.00049395004   0.00043275356   -7.6898985e-05   0.00029077186   0.0011149741   3.1198604e-05   -0.00041191737   0.0003547831   -0.00017256214   0.00041062964   0.0009605116   -0.00016762431
-0.0004935002   0.00042397506   -7.236655e-05   0.00029043562   0.0011143347   1.1601197e-05   -0.00040532282   0.0003441685   -0.00016913691   0.00039703032   0.0009539446   -0.00016303793
-0.00048498996   0.0004255509   -6.909376e-05   0.000281993   0.0010923067   1.2698893e-05   -0.0003986093   0.00034474328   -0.00017110292   0.00039316798   0.00093211484   -0.0001622399
-0.00048273857   0.0004237835   -6.675757e-05   0.00028504382   0.0010568184   1.7602342e-05   -0.0003958158   0.00034263977   -0.00017351443   0.00039670127   0.00090130244   -0.00016142904
-0.00046930416   0.00042179297   -5.9163478e-05   0.00027584517   0.0010325158   2.2559052e-05   -0.00038439137   0.0003397574   -0.00017116789   0.00038835776   0.0008791525   -0.00015911597
-0.00045930935   0.0004179573   -5.2327367e-05   0.00027118987   0.0010116516   2.5975376e-05   -0.0003750047   0.00033521073   -0.00016855658   0.0003821264   0.0008595131   -0.00015644827
-0.0004559843   0.0004147299   -4.9246155e-05   0.00027080046   0.0009991486   3.0486093e-05   -0.0003716669   0.00033159574   -0.0001686175   0.00038215867   0.0008420601   -0.00015308817
-0.00044566052   0.00041069216   -4.500155e-05   0.00026319645   0.000981389   3.476334e-05   -0.00036160916   0.00032674728   -0.0001683296   0.00037459852   0.0008235047   -0.00014971975
-0.0004321138   0.00040561866   -3.9412185e-05   0.00025456471   0.00095642026   3.5674897e-05   -0.00034813432   0.00032065492   -0.0001667444   0.00036387096   0.0008028747   -0.00014655018
-0.00042615496   0.00040032805   -3.7424536e-05   0.00025195137   0.0009459772   3.832815e-05   -0.00034066968   0.00031484815   -0.00016696496   0.0003590496   0.00078736775   -0.00014298916
-0.0004183695   0.00039479407   -3.230568e-05   0.00024904642   0.0009186207   3.7846406e-05   -0.00033315248   0.00030853908   -0.00016536714   0.0003544326   0.0007657177   -0.0001395379
-0.00040898737   0.00039012425   -2.8608356e-05   0.00024015001   0.0009175331   4.156108e-05   -0.0003247347   0.00030320356   -0.00016403408   0.00034669074   0.00075674633   -0.00013542741
-0.00040638936   0.00038455485   -2.64023e-05   0.00024160079   0.0008880626   4.237152e-05   -0.0003200863   0.00029710535   -0.00016478465   0.0003443849   0.0007329664   -0.00013224692
-0.00040047473   0.00037934817   -2.342736e-05   0.00023894469   0.0008729398   4.377313e-05   -0.00031351476   0.0002913524   -0.00016412842   0.0003398819   0.00071645546   -0.000128725
-0.00039290948   0.00037411804   -2.0691366e-05   0.0002344022   0.0008541842   4.472211e-05   -0.0003047306   0.00028542517   -0.000163981   0.00033257913   0.00069992815   -0.00012533556
-0.00038258874   0.0003686244   -1.6824511e-05   0.00022597941   0.0008488485   4.558851e-05   -0.0002951716   0.00027924718   -0.00016192102   0.00032387124   0.0006899145   -0.00012166195
-0.00038109967   0.00036311705   -1.541949e-05   0.00022828502   0.00082115707   4.4192624e-05   -0.00029171104   0.00027323375   -0.0001628688   0.00032275837   0.00066789   -0.00011866411
-0.00037437544   0.00035828372   -1.3282466e-05   0.00022310978   0.00080642506   4.5234847e-05   -0.00028413572   0.00026774098   -0.00016295818   0.000315889   0.0006532387   -0.00011518838
-0.00036938625   0.0003526443   -1.0967279e-05   0.00022138457   0.00079052395   4.474435e-05   -0.00027855972   0.00026163284   -0.00016227884   0.00031224347   0.00063788134   -0.00011199315
-0.00035776588   0.00034812203   -7.0336428e-06   0.00021193449   0.00077340915   4.4832243e-05   -0.0002678651   0.00025629168   -0.0001609198   0.00030260856   0.0006227288   -0.00010882493
-0.00035105622   0.00034259554   -4.3603545e-06   0.00020844089   0.0007589072   4.3913864e-05   -0.00026080883   0.00025024486   -0.00015976252   0.0002971545   0.00060864276   -0.00010579506
-0.00034481086   0.00033784428   -2.2044994e-06   0.0002045848   0.0007445039   4.3523756e-05   -0.00025418197   0.00024497602   -0.0001591646   0.00029171933   0.00059497677   -0.00010264568
-0.00034228878   0.00033215721   -1.3082412e-06   0.00020484808   0.00073329546   4.2836116e-05   -0.00025018383   0.0002389688   -0.00015912284   0.00028933215   0.00058234157   -9.953591e-05
-0.00033787682   0.00033007984   1.0387574e-06   0.0001979487   0.0007185025   4.5511042e-05   -0.00024725343   0.00023641739   -0.00015900319   0.00028448316   0.00056797237   -9.6454016e-05
-0.00033292986   0.00032264923   3.508146e-06   0.00020057138   0.000706338   4.2227195e-05   -0.00024130808   0.00022888959   -0.00015626648   0.00028265736   0.00055604486   -9.390387e-05
-0.00032275604   0.0003181627   6.0696466e-06   0.0001927878   0.0006999699   4.0836232e-05   -0.0002316962   0.00022377554   -0.00015478164   0.0002744354   0.00054736476   -9.052781e-05
-0.0003202189   0.00031268617   7.3298484e-06   0.00019314548   0.0006780361   3.849753e-05   -0.00022744432   0.00021788117   -0.00015483597   0.00027104252   0.0005303234   -8.823928e-05
-0.0003125206   0.00030863375   9.051676e-06   0.00018664032   0.0006689007   3.9207804e-05   -0.00021983135   0.00021340173   -0.0001540447   0.00026366976   0.0005196847   -8.522032e-05
-0.0003046632   0.00030433337   1.2797851e-05   0.00018214878   0.0006504062   3.7674425e-05   -0.00021310085   0.00020869184   -0.00015165057   0.0002581862   0.0005059381   -8.289317e-05
-0.00030398072   0.00029965842   1.4048734e-05   0.00018470256   0.0006407198   3.616298e-05   -0.00021190495   0.00020397152   -0.00015046504   0.00025872386   0.0004946473   -8.033489e-05
-0.000294397   0.00029586966   1.7018428e-05   0.00017675837   0.00062517816   3.5330704e-05   -0.00020266735   0.00019962239   -0.00014885339   0.0002490815   0.00048289075   -7.805896e-05
-0.00029418612   0.00029058265   1.7209399e-05   0.00017943802   0.0006167759   3.2771455e-05   -0.00020081957   0.00019429058   -0.0001481106   0.00024809825   0.00047266064   -7.573674e-05
-0.00028689165   0.00028699098   1.9702644e-05   0.00017290474   0.0006105893   3.2536947e-05   -0.00019487069   0.00019033594   -0.00014630314   0.00024215101   0.00046518384   -7.294557e-05
-0.00028386564   0.0002837281   2.1307458e-05   0.00017159547   0.0005927671   3.1970918e-05   -0.0001916564   0.00018685925   -0.00014568707   0.0002391856   0.00045123193   -7.123315e-05
-0.00027549043   0.00027983345   2.341643e-05   0.00016495037   0.00058847154   3.1562035e-05   -0.00018383145   0.0001826803   -0.00014362737   0.00023144692   0.0004448391   -6.885058e-05
-0.0002746676   0.00027640592   2.4179111e-05   0.00016693735   0.00057023606   2.943782e-05   -0.00018195914   0.00017915478   -0.00014327622   0.00023047675   0.00043073762   -6.736494e-05
-0.00026943773   0.00027247102   2.4746898e-05   0.00016389802   0.0005600538   2.7981407e-05   -0.00017546643   0.00017496699   -0.00014273336   0.00022418967   0.00042134617   -6.543924e-05
-0.00026462923   0.00026955773   2.6464279e-05   0.00016039067   0.00054890243   2.7542239e-05   -0.0001712105   0.00017186135   -0.00014152403   0.00022006454   0.00041160834   -6.3609186e-05
-0.00025483101   0.0002653894   2.9393583e-05   0.00015322208   0.0005396797   2.4826251e-05   -0.00016273656   0.0001673528   -0.0001386249   0.0002119822   0.00040413733   -6.167864e-05
-0.0002530487   0.000262102   2.9999417e-05   0.00015393502   0.00052380166   2.2626487e-05   -0.00016018368   0.00016394812   -0.00013828439   0.00021032123   0.0003914081   -6.031433e-05
-0.00025084693   0.0002590981   3.0027475e-05   0.00015254701   0.00051754207   2.2790126e-05   -0.00015768863   0.000160926   -0.0001380133   0.00020798527   0.00038346858   -5.8243786e-05
-0.0002446038   0.0002549268   3.1590695e-05   0.00014830344   0.00051224243   2.0823552e-05   -0.0001520621   0.00015660322   -0.00013594386   0.00020267435   0.0003772801   -5.620875e-05
-0.00024219815   0.00025202968   3.2123455e-05   0.00014758077   0.00049774995   1.9522346e-05   -0.00014914431   0.0001535833   -0.00013571614   0.00020015115   0.00036563014   -5.483529e-05
-0.00023808892   0.00024875847   3.2903914e-05   0.00014532752   0.00048818724   1.8588578e-05   -0.00014493243   0.00015024687   -0.00013469798   0.000196276   0.0003571189   -5.31811e-05
-0.00023437412   0.00024524477   3.3940112e-05   0.00014379571   0.00047793143   1.6787122e-05   -0.00014152795   0.00014668924   -0.00013334063   0.00019354004   0.0003482705   -5.158625e-05
-0.00023081769   0.00024230497   3.466589e-05   0.00014152536   0.00046883314   1.5821257e-05   -0.00013819948   0.0001437009   -0.00013233938   0.00019025868   0.0003399806   -4.985942e-05
-0.00023081769   0.00024230497   3.466589e-05   0.00014152536   0.00046883314   1.5821257e-05   -0.00013819948   0.0001437009   -0.00013233938   0.00019025868   0.0003399806   -4.985942e-05
-0.00015089364   0.00022471596   6.669674e-05   7.497837e-05   0.00045598773   -1.908724e-05   -6.951797e-05   0.000120689525   -0.000107357526   0.000119199954   0.00034091176   -4.4643803e-05
-0.00022170416   0.00022145307   3.5537934e-05   0.00014471309   0.0004426822   -2.0999416e-05   -0.00012928784   0.00012128485   -0.00012803404   0.00018942886   0.00031364753   -3.9009403e-05
-0.00022389239   0.00022571546   3.349306e-05   0.00013974585   0.00043100174   6.3030034e-06   -0.0001321272   0.00012667479   -0.00013241537   0.00018908894   0.00030033794   -3.9837836e-05
-0.00013165832   0.00017619225   0.00010966024   -0.00038027935   0.00033379585   -4.297503e-05   -6.6246685e-05   4.8621798e-05   -0.000101238795   -0.0003295418   0.00021393264   -1.3381834e-05
-0.00016662532   0.000106272775   5.616451e-05   0.0002286521   6.0732124e-05   2.327562e-05   -0.00011636965   3.4327775e-05   -3.5648336e-05   0.00022924128   2.801441e-05   -1.7580913e-05
-0.00020543502   0.00011907809   9.910337e-05   0.0002262144   1.1826066e-05   5.6279267e-05   -0.0001152962   5.073785e-05   2.5708721e-05   9.120137e-05   1.4030369e-05   -6.289806e-07
-0.000146149   0.000119679564   8.249908e-05   9.826972e-05   3.3235945e-05   3.6325175e-05   -0.0001041355   4.851366e-05   1.0584483e-05   6.0394636e-05   7.167479e-06   -4.915223e-06
-0.00012036153   0.000116808995   7.2551244e-05   5.9824433e-05   3.8760092e-05   3.7714224e-05   -9.949994e-05   4.6500954e-05   6.114556e-06   6.187507e-05   4.034536e-06   -4.995119e-06
-9.702226e-05   0.000115850526   6.623807e-05   4.367056e-05   3.5209585e-05   3.7163136e-05   -7.701962e-05   4.573468e-05   3.590763e-06   4.77214e-05   2.3211032e-06   -3.0248382e-06
-7.70936e-05   0.000114341   5.9493213e-05   3.7315735e-05   2.9820614e-05   3.46771e-05   -5.1348234e-05   4.421177e-05   -1.1581782e-07   3.2989086e-05   1.4261446e-06   -1.9745764e-06
-6.4723594e-05   0.00011212885   5.332745e-05   3.4606255e-05   2.4678407e-05   3.1392898e-05   -3.2646927e-05   4.194358e-05   -3.6433157e-06   2.1034934e-05   8.299536e-07   -1.0285721e-06
-5.9091835e-05   0.000110018475   4.7475914e-05   3.0932275e-05   2.3237712e-05   2.8323275e-05   -2.3967232e-05   3.984481e-05   -6.992666e-06   1.4234026e-05   6.0056533e-07   -3.125713e-08
-5.6379475e-05   0.000108272325   4.2494325e-05   2.6546704e-05   2.3800316e-05   2.6290978e-05   -2.110322e-05   3.8273836e-05   -9.482493e-06   1.1285373e-05   5.5662e-07   8.8208947e-07
-5.3040916e-05   0.00010653317   3.8143764e-05   2.2206406e-05   2.4809173e-05   2.4450637e-05   -1.8766024e-05   3.6817084e-05   -1.1283772e-05   9.8315095e-06   6.3766316e-07   1.3026223e-06
-4.9046863e-05   0.0001055632   3.548332e-05   2.1084066e-05   2.3763956e-05   2.3984107e-05   -1.4577526e-05   3.627413e-05   -1.1603669e-05   7.989055e-06   5.3807753e-07   1.4422899e-06
-4.4235418e-05   0.00010426086   3.2877455e-05   1.9527748e-05   2.2695383e-05   2.2721095e-05   -9.331371e-06   3.529116e-05   -1.2000749e-05   5.388564e-06   4.930118e-07   1.61287e-06
-4.048385e-05   0.00010272278   3.0185958e-05   1.7891187e-05   2.2102378e-05   2.0763557e-05   -5.2855785e-06   3.4012406e-05   -1.2517182e-05   3.1504721e-06   4.8846726e-07   1.9076688e-06
-3.888874e-05   0.00010165883   2.7912914e-05   1.6803819e-05   2.1734724e-05   1.958105e-05   -3.736634e-06   3.3240747e-05   -1.2853668e-05   1.98965e-06   4.3875895e-07   2.2213685e-06
-3.838831e-05   0.00010040131   2.5447662e-05   1.5052789e-05   2.218511e-05   1.8405857e-05   -4.100122e-06   3.2285207e-05   -1.3361413e-05   1.859998e-06   4.5439978e-07   2.5402305e-06
-3.7939313e-05   9.925339e-05   2.3127117e-05   1.2898802e-05   2.3020308e-05   1.7466164e-05   -5.036173e-06   3.144696e-05   -1.3797185e-05   2.2287547e-06   4.833011e-07   2.868646e-06
-3.742854e-05   9.81799e-05   2.0993095e-05   1.1343937e-05   2.3594896e-05   1.664749e-05   -5.6718013e-06   3.0702453e-05   -1.406821e-05   2.6094906e-06   5.083773e-07   3.1242616e-06
-3.6347497e-05   9.704762e-05   1.9127052e-05   1.0111997e-05   2.3846816e-05   1.6064942e-05   -5.4645893e-06   2.9898476e-05   -1.4128886e-05   2.626101e-06   5.135557e-07   3.468809e-06
-3.5250458e-05   9.6141186e-05   1.5906668e-05   1.0249681e-05   2.2797603e-05   1.9205305e-05   -4.8925644e-06   3.0006855e-05   -1.3798133e-05   2.476428e-06   5.4971923e-07   3.3390425e-06
-3.430509e-05   9.5342046e-05   1.3757688e-05   9.775872e-06   2.2555685e-05   1.7321314e-05   -3.985182e-06   2.9413282e-05   -1.4317694e-05   2.1730173e-06   5.396905e-07   3.5015441e-06
-3.3133747e-05   9.42409e-05   1.20168115e-05   9.132147e-06   2.2303218e-05   1.616541e-05   -2.9323219e-06   2.8543509e-05   -1.45117e-05   1.5704924e-06   5.5947606e-07   3.7613352e-06
-3.173122e-05   9.316409e-05   1.0367146e-05   8.450411e-06   2.2008944e-05   1.506748e-05   -1.7012759e-06   2.7701577e-05   -1.4635544e-05   9.549964e-07   5.760975e-07   3.9913493e-06
-3.0136158e-05   9.212023e-05   8.910352e-06   7.934735e-06   2.155196e-05   1.3919444e-05   -1.16264154e-07   2.6868334e-05   -1.46638995e-05   1.3665363e-07   5.916117e-07   4.227624e-06
-2.8362181e-05   9.106614e-05   7.4488994e-06   7.5794064e-06   2.0914209e-05   1.3148986e-05   1.66603e-06   2.6080166e-05   -1.4594518e-05   -6.861109e-07   6.054133e-07   4.4358935e-06
-2.6277648e-05   9.003819e-05   5.1383226e-06   6.967686e-06   2.0118006e-05   1.375527e-05   3.3155375e-06   2.5659157e-05   -1.4295011e-05   -1.4751813e-06   5.9678706e-07   4.557842e-06
-2.4527257e-05   8.910415e-05   4.0111818e-06   6.5376394e-06   1.9480081e-05   1.2210228e-05   5.042703e-06   2.4881509e-05   -1.4174536e-05   -2.302824e-06   6.078863e-07   4.759319e-06
-2.3075001e-05   8.814014e-05   2.968539e-06   6.304886e-06   1.8860363e-05   1.09846205e-05   6.5747313e-06   2.4084844e-05   -1.4014209e-05   -3.1309137e-06   6.175354e-07   4.9884306e-06
-2.1874854e-05   8.720828e-05   1.9294118e-06   6.014064e-06   1.8365941e-05   9.791649e-06   7.791473e-06   2.3307846e-05   -1.3909063e-05   -3.828175e-06   6.2490875e-07   5.2199644e-06
-2.0824711e-05   8.632239e-05   1.0459211e-06   5.634289e-06   1.7992073e-05   8.717438e-06   8.693487e-06   2.2571772e-05   -1.372248e-05   -4.3693003e-06   6.344879e-07   5.484753e-06
-2.0082594e-05   8.5487096e-05   8.390625e-08   5.260554e-06   1.774023e-05   7.6327515e-06   9.223826e-06   2.1882774e-05   -1.3647654e-05   -4.6688256e-06   6.429368e-07   5.6989134e-06
-1.9485307e-05   8.468687e-05   -7.215525e-07   4.7866483e-06   1.761224e-05   6.666129e-06   9.406666e-06   2.1229023e-05   -1.3471111e-05   -4.778028e-06   6.5578314e-07   5.9261306e-06
-1.9193e-05   8.393106e-05   -1.5796994e-06   4.4399408e-06   1.7535602e-05   5.7314724e-06   9.336347e-06   2.0619058e-05   -1.3365446e-05   -4.774528e-06   6.685911e-07   6.150885e-06
-1.9083931e-05   8.320029e-05   -2.3884866e-06   4.1249855e-06   1.7516335e-05   4.840644e-06   9.032138e-06   2.0031917e-05   -1.3249686e-05   -4.6416417e-06   6.8361527e-07   6.3660564e-06
-1.893783e-05   8.246868e-05   -3.055539e-06   3.6208294e-06   1.7690318e-05   4.1059657e-06   8.550399e-06   1.9441197e-05   -1.3037017e-05   -4.377314e-06   7.051214e-07   6.7266637e-06
-1.9235242e-05   8.184482e-05   -4.021937e-06   3.6191643e-06   1.7593635e-05   3.3097465e-06   8.172391e-06   1.8946439e-05   -1.3164227e-05   -4.287372e-06   7.141533e-07   6.8029995e-06
-1.932436e-05   8.116431e-05   -4.842182e-06   3.423623e-06   1.7617398e-05   2.5239501e-06   7.733901e-06   1.8401122e-05   -1.3138534e-05   -4.0426594e-06   7.3247566e-07   6.9827897e-06
-1.938043e-05   8.049636e-05   -5.6847234e-06   3.2090375e-06   1.7668366e-05   1.8592746e-06   7.387978e-06   1.7864655e-05   -1.3158807e-05   -3.8763133e-06   7.5138706e-07   7.165954e-06
-1.9338757e-05   7.9926736e-05   -6.2848667e-06   3.079166e-06   1.7613813e-05   1.2151991e-06   7.083717e-06   1.7424454e-05   -1.300412e-05   -3.6826095e-06   7.6500464e-07   7.3499555e-06
-1.930255e-05   7.9298996e-05   -7.0749534e-06   3.0345695e-06   1.7514472e-05   5.4125724e-07   7.070013e-06   1.6907738e-05   -1.3053861e-05   -3.7399839e-06   7.8189095e-07   7.5118546e-06
-1.9077273e-05   7.874113e-05   -7.602352e-06   2.9849587e-06   1.7353452e-05   -5.755436e-08   7.0063916e-06   1.6475597e-05   -1.2864048e-05   -3.6059355e-06   7.9414957e-07   7.685744e-06
-1.883025e-05   7.818242e-05   -8.192489e-06   2.9478126e-06   1.7178661e-05   -6.7218787e-07   7.105865e-06   1.6029802e-05   -1.2761636e-05   -3.6256276e-06   8.0762766e-07   7.8327175e-06
-1.8522946e-05   7.7599325e-05   -8.721743e-06   2.959571e-06   1.6942808e-05   -1.274999e-06   7.3197366e-06   1.5555266e-05   -1.2614207e-05   -3.7347197e-06   8.199505e-07   8.013013e-06
-1.826986e-05   7.704185e-05   -9.270417e-06   3.1346906e-06   1.6639042e-05   -1.8654503e-06   7.5991106e-06   1.5106627e-05   -1.2493979e-05   -3.870937e-06   8.340903e-07   8.171008e-06
-1.7774288e-05   7.66102e-05   -9.671467e-06   2.9123487e-06   1.645365e-05   -2.2280508e-06   7.852008e-06   1.4780725e-05   -1.2315125e-05   -3.9681117e-06   8.376716e-07   8.306426e-06
-1.7180677e-05   7.5917116e-05   -9.714837e-06   2.7045614e-06   1.6254531e-05   -3.0740036e-06   7.89538e-06   1.4192199e-05   -1.1703031e-05   -3.899002e-06   8.674634e-07   8.561535e-06
-1.7154058e-05   7.550711e-05   -1.0466946e-05   2.9713235e-06   1.5977583e-05   -3.5931623e-06   8.2380675e-06   1.3864448e-05   -1.1883046e-05   -4.1650796e-06   8.631013e-07   8.625108e-06
-1.6841008e-05   7.500881e-05   -1.0831381e-05   2.8319935e-06   1.5906828e-05   -4.2271836e-06   8.290723e-06   1.3447902e-05   -1.1692778e-05   -4.129755e-06   8.8010023e-07   8.9220275e-06
-1.6776645e-05   7.458447e-05   -1.1443494e-05   2.8559896e-06   1.5688302e-05   -4.6117016e-06   8.412418e-06   1.3116992e-05   -1.1747764e-05   -4.2897586e-06   8.754632e-07   8.9005225e-06
-1.6526768e-05   7.410175e-05   -1.1708754e-05   2.6920009e-06   1.552962e-05   -5.0941535e-06   8.345304e-06   1.2726147e-05   -1.1487194e-05   -4.2488714e-06   8.852948e-07   8.958029e-06
-1.6580261e-05   7.371813e-05   -1.2172834e-05   2.732226e-06   1.5496931e-05   -5.479861e-06   8.189744e-06   1.2428553e-05   -1.1448643e-05   -4.1603603e-06   8.9666975e-07   9.160368e-06
-0.07652645   0.011160503   0.040826257   0.028158674   -0.0033919474   0.02810581   -0.082754806   -0.008061497   -0.060551602   0.11628401   -0.05504868   -0.008392323
-0.060948726   0.00588534   0.013220004   0.038284663   -0.018852938   0.003363859   -0.12763916   -0.01691256   -0.077405415   0.22199701   -0.106066585   0.0076219155
-0.021867571   0.0019170588   0.1360677   0.035738226   -0.057087183   -0.021263389   -0.030773083   -0.04617067   -0.05306355   0.0704939   -0.0516946   0.00714194
-0.3017927   -0.028351426   0.111691475   0.65725327   -0.27235126   -0.3967179   0.01211404   -0.0916964   -0.019005938   -0.07241818   0.030181322   0.015326348
-0.4602991   -0.013318727   -0.08286741   1.1598774   -0.71176594   -0.9376364   -0.043014478   -0.073864475   0.038705703   0.020724779   0.007094768   0.02903052
-0.417003   -0.00034862052   -0.1145893   1.068774   -1.32743   -0.34326842   -0.03545889   -0.056995716   -0.0055060857   0.06052048   -0.0238992   0.037920963
-0.24658553   0.015700532   -0.031441014   0.5370217   -0.7689193   -0.15528303   -0.017880185   -0.04580423   -0.046221826   0.034521557   -0.023346791   0.03683136
-0.073837146   -0.009974911   0.043773916   0.059031077   -1.0124058   -0.5495503   -0.011238111   -0.04635299   -0.05057164   0.013574488   -0.015076572   0.037889186
0.06472177   -0.047376152   0.06131777   -0.27557328   -0.37621716   -0.12631293   -0.0035799057   -0.022017626   -0.038671326   0.0047407313   -0.01528337   0.0299467
0.20122348   -0.028153239   -0.047857728   -0.52846724   -0.77068585   0.0071133003   -0.16673245   0.03602464   -0.009707507   0.29096428   -0.13680848   0.02551249
0.1971151   0.08512289   -0.01928117   -0.58051413   -0.52612925   0.12446101   -0.5005715   0.10785967   0.047804795   0.88590544   -0.34907207   0.018119385
0.08138569   0.06646075   0.0918554   -0.059788235   0.3492651   0.009499558   -0.48869488   0.045904513   0.086248755   0.96851   -0.24105442   0.004485413
0.08138569   0.06646075   0.0918554   -0.059788235   0.3492651   0.009499558   -0.48869488   0.045904513   0.086248755   0.96851   -0.24105442   0.004485413
0.16218518   -0.06277969   0.060112923   -0.14871876   0.025105936   0.02390551   -0.10855337   0.021242369   -0.05446632   0.08627572   0.15115032   -0.07430329
0.10514476   -0.027544856   0.053194083   -0.09092633   0.0032060908   0.010008324   0.08574936   0.12316849   -0.026803374   -0.4262112   0.9203628   -0.4719793
-0.082464576   -0.03199723   0.16696475   0.26809227   -0.21106164   -0.02639483   0.22204147   0.066865556   0.19120355   -0.64051074   0.0679376   0.6451456
-0.31376344   0.08703318   -0.023342935   0.94861263   0.15602647   -0.043032818   0.11343008   0.014230581   -0.052233186   -0.058378518   -0.0010527462   0.008223419
-0.3251615   0.045098647   -0.07783022   1.039256   -0.087515555   0.060266454   0.13916996   0.028465329   0.0103612   -0.15133592   0.04465518   0.015022372
-0.17680794   -0.04372301   -0.08529209   0.48332462   -0.21509929   0.094680205   0.064770855   -0.01784888   0.018987237   -0.102449454   0.033746846   0.031177161
-0.029771352   -0.04997247   -0.022300242   -0.06487954   -0.0837394   0.04058681   0.028590439   -0.028922334   -0.0032673758   -0.06464886   0.016785802   0.03216231
0.06261165   -0.079252444   0.007111606   -0.4407265   0.073108956   0.02149079   0.0033282798   -0.02730049   -0.017157903   -0.033241894   0.00070860307   0.029296294
0.14027111   -0.061189737   -0.015400599   -0.6779141   0.11278863   0.26249292   -0.07543952   0.01429782   -0.03207716   0.10597366   -0.06484872   0.02220392
0.18087174   0.0333151   -0.06511292   -0.7894451   -0.15520866   0.23286696   -0.3748405   0.10469695   -0.013223707   0.7137677   -0.22933118   0.009601467
0.08834477   -0.041663356   0.1485662   0.09245503   -0.10643967   0.04234666   -0.32687864   -0.011689053   0.120424286   0.9591158   -0.076079324   0.01335109
0.08419595   -0.060270738   0.02729999   -0.027299503   -0.023889208   0.017376667   -0.20652135   0.03072159   0.06346933   0.69627047   -0.08373862   -0.14280613
-0.017063456   -0.008215322   -0.027023548   0.027187545   -0.029695395   0.0012380903   -0.027567843   0.10425743   0.04105911   0.085913785   -0.07379897   -0.10538059
0.017991265   0.0004213024   0.012461155   0.009857426   -0.037555195   -1.7015225e-05   0.1351684   0.08661639   -0.0018966135   -0.32627305   -0.019638171   0.010760704
-0.004983594   -0.014514242   0.08264355   0.06364771   -0.065207124   -0.0011523651   0.2091974   0.073129214   0.0778014   -0.53226274   0.0065518687   0.21220143
-0.32442543   -0.018721862   0.041876134   0.6004112   -0.107170716   -0.14792906   0.25269708   -0.055588383   0.18267134   -0.48040396   -0.28859958   0.055519767
-0.35348177   0.069280945   -0.13566764   0.83825856   -0.071888834   -0.10180783   0.03220391   0.029337838   -0.05933721   0.039912906   -0.05308029   -0.01632376
-0.25461176   0.06717541   -0.05929264   0.6212134   -0.11658788   -0.01324434   0.10163837   0.015530939   -0.034675587   -0.050644904   -0.023678696   0.022238621
-0.10463853   0.021050686   -0.015669083   0.08277698   -0.08321107   0.014749651   0.07548758   -0.018602852   -0.010879689   -0.062375315   -0.010147426   0.026617995
0.058475997   -0.016486658   -0.0017514735   -0.403666   0.049528573   -0.027449658   0.08741621   -0.026440669   -0.0059642554   -0.092183344   0.0050676325   0.030871345
0.13548568   -0.03417857   -0.015813421   -0.6457378   0.14324813   0.058344323   0.07161146   -0.0038014257   -0.015206282   -0.082803674   0.0027551332   0.025958085
0.19961725   0.038677607   0.009888279   -0.77918226   1.094788   1.4712675   -0.14449738   0.047260482   -0.07638263   0.26388073   -0.111691535   0.19705653
0.11316556   -0.044097643   0.10019507   -0.027904648   -0.038972132   0.064468086   -0.28540072   -0.07546339   -0.024703497   0.7584416   -0.006334164   0.2162755
0.09643778   -0.070217416   0.011802808   -0.08100561   0.0086077945   0.016294733   -0.2725296   -0.030798633   0.01721219   0.72174925   -0.086977385   -0.21492712
0.02791193   -0.011312111   -0.022743987   -0.030707363   -0.005644934   -0.0028450547   -0.13672896   0.042456653   0.021258181   0.21427889   -0.07803802   -0.19872437
0.044974163   0.008657882   0.009454123   -0.034432486   -0.015932953   -0.0034293965   0.00602214   0.026359458   -0.014053427   -0.22290535   0.0035940704   -0.034895223
0.08545976   0.011477497   0.06229473   -0.05844255   -0.020111108   -0.010541157   0.1081204   0.036990635   -0.016952537   -0.5106898   0.13255057   -0.058393966
-0.0800687   -0.026558954   0.107737996   0.17726283   -0.080398425   -0.18026759   0.21778642   -0.007829576   0.110426046   -0.7610868   0.06036626   -0.50366795
-0.31319642   0.069341265   0.099443145   0.74059653   -0.09738951   -0.32737717   0.043647766   -0.026252065   -0.02722132   0.025218401   -0.104475856   -0.07250469
-0.25179362   0.11925019   -0.030812863   0.7974103   -0.1122144   0.1092294   0.13536282   0.046299517   -0.033250548   -0.04349095   -0.031495765   0.016903335
-0.1381167   0.030540079   -0.053639747   0.34197465   -0.12922285   0.118207626   0.09560672   0.010780591   0.012660659   -0.070713215   -0.006003274   0.028281793
0.029551227   -0.021977495   -0.034348935   -0.21694274   -0.019752508   0.029181857   0.08383087   -0.018795272   0.013175445   -0.08617398   0.0019002907   0.029768286
0.122864045   -0.058362838   -0.03514987   -0.57923245   0.1399015   -0.03310011   0.07196687   -0.021036195   -0.0056603462   -0.09489759   0.0074494253   0.027285958
0.17926344   -0.03373197   -0.06012098   -0.74398804   0.13462482   0.1601721   0.0034039821   0.018247757   -0.04444618   -0.0037875473   -0.019563107   0.031920336
-0.030521616   0.05001963   -0.021198196   0.071699165   -0.23593512   0.046558946   -0.25582066   0.047615435   -0.097034566   0.52382153   -0.1319194   0.2383304
0.08516425   -0.045736138   0.013127177   -0.019760447   -0.026823435   0.009025055   -0.27786458   -0.034774106   -0.04958057   0.7980003   -0.07438785   -0.15212671
0.052291114   -0.0320755   -0.015481788   -0.04390589   -0.008087575   0.0068131643   -0.21446636   0.00698592   0.0077417227   0.47455102   -0.0933671   -0.20748065
0.048746537   -0.005746582   0.0038028297   -0.045949537   -0.0126380725   0.0011873543   -0.07683871   0.0062695476   0.0010606268   -0.015735576   -0.04036555   -0.09435605
0.08167886   0.011837616   0.041122403   -0.06609674   -0.014973983   -0.007920428   0.039320007   0.016558593   -0.019997476   -0.3759353   0.04114301   0.04396945
0.08194593   -0.013595779   0.066896275   -0.0488759   -0.024912577   -0.022402532   0.13995694   0.020155942   0.04204564   -0.6332453   0.09800035   -0.25799602
-0.22127788   -0.046811115   0.022497687   0.42136917   -0.16225936   -0.4569153   0.1641482   -0.0598513   0.18086207   -0.45809466   0.3401674   0.8465498
-0.32464013   0.08647413   -0.05502782   0.8647559   -0.066002995   -0.0455679   0.06661433   0.012638122   -0.057406873   0.050620537   -0.0689773   0.0045960066
-0.20942377   0.07890115   -0.053601485   0.6125583   -0.119183116   0.14222875   0.11974465   0.025014017   -0.010462146   -0.055648662   -0.022725677   0.01621171
-0.062482145   0.0153307365   -0.01875006   0.07679435   -0.08882471   0.10761937   0.08806685   -0.012638929   0.015585907   -0.075985335   -0.003961852   0.024736794
0.09178203   -0.03971107   -0.014037671   -0.43008056   0.047946986   -0.015628822   0.08959253   -0.029304875   0.0074834987   -0.10109438   0.0076848576   0.02708369
0.14794043   -0.056989104   -0.027590564   -0.64523757   0.13875996   0.030523075   0.072114535   -0.0078093368   -0.00837773   -0.09455428   0.0061133928   0.02011556
0.21563314   -0.00437515   -0.102156855   -0.7897045   0.026126457   0.30038932   -0.13286628   0.03893692   -0.047706347   0.22110878   -0.111393034   0.2899898
0.018400295   0.025395472   0.046122346   0.08864838   -0.057517685   0.023594009   -0.29956433   0.009800586   -0.010692242   0.7160453   -0.032717284   0.20896707
0.0960761   -0.04646876   0.016642056   -0.025275439   -0.03315237   0.010535274   -0.24758147   -0.0345722   -0.012067228   0.7221014   -0.09599811   -0.2865313
0.04081427   -0.020484354   -0.019464994   -0.028661503   -0.015988244   -0.0035435234   -0.1292511   0.013899537   0.0075963363   0.22946577   -0.08218695   -0.25321487
0.05910629   0.0006461029   0.010230568   -0.04867327   -0.015104684   -0.006098312   0.016044928   0.01633082   -0.0028830795   -0.23251478   0.0083115315   -0.022452403
0.096211486   0.0035877263   0.059948724   -0.07427866   -0.016682694   -0.013241345   0.11800166   0.029500132   0.0117359245   -0.5278935   0.10314579   -0.014464753
-0.074680895   -0.034724385   0.096299455   0.16755603   -0.07893612   -0.19085787   0.21544562   -0.02410975   0.12779722   -0.7608809   0.054383237   -0.4703413
-0.28774777   0.060909845   -0.0024417324   0.7065947   -0.042583495   -0.2953456   0.043684255   -0.016885797   -0.07661512   0.06489848   -0.07174062   -0.029203331
-0.25558686   0.10730045   -0.024556972   0.79163176   -0.12465166   0.09184736   0.13443278   0.040683057   -0.040441398   -0.059125837   -0.024310647   0.017193846
-0.12430527   0.016600661   -0.037385106   0.3052619   -0.1324457   0.15925676   0.08660002   0.0021115676   0.014200613   -0.0724123   -0.0058929403   0.021008397
0.042216983   -0.026851362   -0.018472282   -0.22871418   -0.017578745   0.05403898   0.07866796   -0.019789489   0.021493455   -0.08720134   0.0039671785   0.0284775
0.12864485   -0.06788205   -0.025114616   -0.57034993   0.07593346   -0.05717641   0.07025118   -0.021964582   0.0023041754   -0.09781498   0.008312598   0.023464173
0.1689733   -0.044053115   -0.05797531   -0.7145467   0.1573839   0.15874328   0.013267318   0.0194808   -0.027376259   -0.02334965   -0.01331745   0.033355247
0.118935525   0.066074036   -0.014970477   -0.27774936   0.5747519   -0.06643698   -0.28894156   0.090603866   -0.033632275   0.5384436   -0.14848912   0.31086144
0.098491795   -0.030510992   0.039716583   -0.0119846305   -0.03649331   0.006360101   -0.27314526   -0.03883828   -0.026913822   0.771352   -0.059581943   -0.030186206
0.072504394   -0.04238238   -0.0042430903   -0.057066675   -0.007873644   0.0058141225   -0.21832709   -0.02970533   -0.0062686875   0.47890806   -0.09796333   -0.2164588
0.050709803   -0.0054414147   -0.0053548953   -0.043394282   -0.014743834   -0.0031711317   -0.070320934   -8.442037e-05   0.0025479053   -0.0314808   -0.028422436   -0.12540527
0.078916274   0.012424476   0.03632027   -0.060211625   -0.018057974   -0.011628016   0.051181406   0.010144276   -0.0038297474   -0.3992354   0.074977115   0.024700355
0.075224735   -0.013659718   0.066316   -0.038459346   -0.033068415   -0.018068539   0.15037796   0.007061854   0.056535073   -0.648878   0.1273846   -0.2638805
-0.24146979   -0.028664429   0.038250364   0.53280085   -0.14868256   -0.42005393   0.2220921   -0.10151789   0.06126827   -0.3882018   0.19632731   0.82750905
-0.27369237   0.08606917   -0.05406775   0.8186656   -0.09001404   0.06195703   0.12448206   0.019381842   -0.06811924   -0.0064089033   -0.05440369   0.004512343
-0.2085152   0.05850931   -0.04685726   0.5741656   -0.13644452   0.119379245   0.11338999   0.022485195   -0.004903632   -0.068932734   -0.013276552   0.015507159
-0.05132646   0.0037033197   -0.014251769   0.040207803   -0.08661231   0.10228964   0.08934762   -0.011372079   0.01567776   -0.083941005   -0.00043470375   0.020233417
0.07915142   -0.04675051   -0.006978493   -0.42617512   0.02267069   -0.0227772   0.07953423   -0.027138216   0.004432464   -0.099156775   0.008505894   0.022577984
0.14649665   -0.06362042   -0.021393929   -0.6574446   0.18834396   0.05362748   0.07007494   -0.0051852637   -0.012882046   -0.099160746   0.008406197   0.017397774
0.21104597   0.00032532142   -0.1067173   -0.81181204   0.035945132   0.27974662   -0.13531826   0.044664696   -0.052512158   0.21856049   -0.11222947   0.29854104
0.01279213   0.03471994   0.044200767   0.08777386   -0.06565305   0.029818257   -0.28127703   0.016189206   -0.012396276   0.66195935   -0.02802941   0.16773507
0.07981046   -0.040889733   0.0155088445   -0.02101281   -0.028129876   0.0039424207   -0.26110083   -0.03325313   -0.013755812   0.72752535   -0.0846596   -0.26483983
0.03392057   -0.01674597   -0.020952024   -0.026417945   -0.016608596   -0.005445017   -0.12704542   0.013817712   0.011571093   0.22493704   -0.07952477   -0.26312408
0.04584316   -0.0017114526   0.0033562311   -0.04070363   -0.015335497   -0.0079346355   0.0095755635   0.008034339   0.0059944647   -0.20958535   0.0023670474   -0.031065678
0.08612577   0.0022969001   0.062383886   -0.06719962   -0.018009922   -0.013416717   0.1167981   0.01766443   0.023569167   -0.52354145   0.12950085   -0.024412869
-0.08321618   -0.032991987   0.08573288   0.17427427   -0.0750992   -0.16160783   0.21360782   -0.023544421   0.13128196   -0.7502155   0.06059522   -0.5115977
-0.29877287   0.062094826   -0.014358029   0.69931644   -0.05054898   -0.30099088   0.03503943   -0.012015008   -0.08922102   0.07069692   -0.07993327   -0.036792587
-0.26335034   0.10647749   -0.02775952   0.79637855   -0.11193824   0.07123072   0.13398895   0.042998202   -0.05159984   -0.055831183   -0.029443769   0.00888726
-0.13191643   0.01751612   -0.034140263   0.31770214   -0.13426688   0.1410117   0.08658509   0.0053298776   0.006981215   -0.069119446   -0.008897363   0.016864363
0.0407036   -0.02906335   -0.014143134   -0.21425758   -0.03925698   0.066425495   0.08262845   -0.016674729   0.019054111   -0.08807144   0.0022231957   0.023273312
0.1301261   -0.07490921   -0.023312392   -0.5697078   0.11969415   -0.0011731002   0.07415562   -0.019472366   0.0003977959   -0.10353464   0.011485122   0.021880483
0.15991661   -0.05584832   -0.047282193   -0.6803692   0.14015429   0.15279613   0.020413073   0.02194067   -0.009726724   -0.03469108   -0.0076485537   0.04164847
0.11940308   0.051947784   -0.047572847   -0.3305497   0.6205177   0.03391611   -0.27577016   0.08953316   -0.051552832   0.51543546   -0.14126591   0.3362789
0.08627297   -0.022041598   0.03984887   0.0012960277   -0.04429664   0.003693539   -0.28218633   -0.04203098   -0.027246041   0.7787402   -0.08002273   -0.072948545
0.075805895   -0.040601864   -0.0039009303   -0.057788547   -0.008432019   0.0063967514   -0.21313535   -0.037623204   -0.0029161817   0.48114172   -0.10368114   -0.26044774
0.04973274   -0.0021238958   -0.0047604893   -0.042499643   -0.014827331   -0.00480091   -0.06694485   -0.0026421163   0.00525818   -0.03862551   -0.025345976   -0.13421899
0.079056874   0.01452691   0.0355415   -0.060173243   -0.017878626   -0.012955308   0.057735395   0.007980737   -0.0026001278   -0.4110919   0.09626547   0.022885323
0.07695048   -0.010619387   0.06580553   -0.03866091   -0.03262898   -0.022348227   0.15993159   0.007959808   0.0576149   -0.6613536   0.12448253   -0.243318
-0.22917373   -0.019966146   0.060756456   0.52598757   -0.15752189   -0.42099902   0.20616423   -0.07722124   0.1308171   -0.30341846   -0.050489273   1.2348952
-0.2912825   0.071403325   -0.051993962   0.82531023   -0.06655007   0.011445726   0.089846216   0.013570415   -0.05471328   0.026909117   -0.059108526   0.012476013
-0.21354535   0.054159403   -0.049150836   0.58785015   -0.13043979   0.11472751   0.10837709   0.018856192   -0.003900411   -0.056100935   -0.018988173   0.013169028
-0.055213418   0.01224565   -0.010497506   0.045566063   -0.085269436   0.0967827   0.09655534   -0.00916415   0.0077362345   -0.087996826   -0.0012448252   0.01392819
0.071729496   -0.039624557   0.0022603392   -0.40382457   0.025784982   -0.03379197   0.087175146   -0.024513578   0.0011990004   -0.1051497   0.010450494   0.019475361
0.14009248   -0.061018523   -0.01422443   -0.6309107   0.15035824   0.052612312   0.07800893   -0.0032424554   -0.013965656   -0.106252804   0.0112429615   0.014576142
0.21814616   -0.0013585977   -0.10273869   -0.80822986   0.031070678   0.28482756   -0.12844335   0.046883605   -0.039431136   0.21750093   -0.10991023   0.3326569
0.007800677   0.034594174   0.01463719   0.07554004   0.033256482   0.015325882   -0.29802993   0.0029156858   -0.069443636   0.7194086   -0.024250617   0.1778621
0.08635762   -0.043888573   0.010284722   -0.014035093   -0.027560255   0.0012008621   -0.23495011   -0.044661406   -0.015734442   0.7119245   -0.10543954   -0.28594065
0.03398364   -0.018829543   -0.024608914   -0.025711853   -0.015064487   -0.005938959   -0.11778952   0.00949616   0.015211338   0.2146072   -0.08291073   -0.25886467
0.050227653   0.0035100982   0.0055186735   -0.041844662   -0.014765355   -0.009034219   0.029187566   0.015064606   0.010593503   -0.24940346   0.01716822   -0.016655339
0.07368065   0.0068532093   0.05659421   -0.05745506   -0.019155068   -0.016043123   0.10125287   0.022676148   0.01672711   -0.4962855   0.08246591   0.0014403949
-0.091540664   -0.026478557   0.10388088   0.18356325   -0.09150936   -0.18544856   0.212003   -0.03087061   0.124181785   -0.75258106   0.047493394   -0.4261284
-0.2902517   0.061647903   -0.001733195   0.6857266   -0.05828848   -0.288843   0.010797358   -0.011551717   -0.08129778   0.1050964   -0.07719822   -0.021283066
-0.2658511   0.1145971   -0.020679025   0.8086009   -0.121937074   0.06433399   0.12423946   0.047203418   -0.05116209   -0.04605898   -0.0323628   0.004356018
-0.13288638   0.013834561   -0.03014735   0.33529875   -0.1406296   0.16816214   0.07847115   0.0038944462   0.009566462   -0.062112894   -0.008790153   0.023101559
0.04606385   -0.034459617   -0.017565046   -0.21012242   -0.04973398   0.08391664   0.081658445   -0.016366692   0.017365245   -0.09022707   0.0042563058   0.023986198
0.13068792   -0.07375406   -0.022312427   -0.5468327   0.112697676   -0.027531786   0.07279005   -0.017768292   0.002977294   -0.103770666   0.013729371   0.023438988
0.16626002   -0.055672415   -0.050339665   -0.67809534   0.18827112   0.16511996   0.017702088   0.023233475   -0.009001009   -0.03344879   -0.005653228   0.045388386
0.123852946   0.06460599   -0.037545588   -0.34415755   0.48157057   -0.10927373   -0.28778726   0.094084844   -0.04799612   0.5139675   -0.12954418   0.33473566
0.08644152   -0.019753447   0.04247281   0.0047808173   -0.044904545   0.003366923   -0.2806792   -0.041243136   -0.02588974   0.7722202   -0.079795055   -0.05956439
0.08898129   -0.044365343   -0.0018172668   -0.062755905   -0.007431867   0.0073317857   -0.1988263   -0.038966935   -0.0049870773   0.4823578   -0.100294076   -0.29472697
0.0509195   -0.0035061657   -0.007232021   -0.045819186   -0.011480209   -0.0041965693   -0.058238547   0.0018700318   0.005887238   -0.048580494   -0.019700533   -0.12929952
0.07713804   0.012995309   0.03330731   -0.061743196   -0.015030813   -0.012844433   0.063554876   0.010442949   0.002881183   -0.4153944   0.08617254   0.041426007
0.074966855   -0.009275878   0.06285186   -0.040697183   -0.032108653   -0.022410296   0.1498842   0.011861302   0.050989326   -0.6345626   0.14679724   -0.26333126
-0.25254756   -0.028547829   0.042961057   0.5270282   -0.14068249   -0.37679467   0.206991   -0.10245527   0.033820797   -0.45087066   0.5263912   0.48795176
-0.28111023   0.103573956   -0.04773861   0.83774483   -0.089544736   0.01647889   0.112602174   0.02776816   -0.07406051   0.0065785195   -0.05789211   -0.0067605884
-0.20146862   0.0721461   -0.04818774   0.58128023   -0.14000645   0.11919413   0.11703005   0.033093367   -0.012908165   -0.069341466   -0.014396477   0.009243018
-0.02790531   9.1879214e-05   -0.020648096   0.021115966   -0.08971416   0.070061915   0.09282991   -0.006990614   0.011355845   -0.08940914   -0.0013636589   0.014064503
0.11652448   -0.057883896   -0.014603219   -0.4538251   0.019869572   -0.009779665   0.081434146   -0.02701186   0.003588924   -0.10490131   0.012053556   0.023584515
0.16689567   -0.07450675   -0.024854725   -0.6559085   0.16131303   0.053445864   0.060251184   -0.007055074   -0.008841687   -0.094185315   0.01044532   0.019997284
0.20059733   -0.023039265   -0.094633006   -0.7404389   0.042571124   0.31585813   -0.12936625   0.042649675   -0.012914668   0.20014682   -0.10528233   0.29025277
-0.013321382   0.032569345   0.042557728   0.10119134   -0.04359077   0.023639373   -0.32134408   0.009476349   -0.015470276   0.7198102   -0.027798956   0.21551163
0.0796316   -0.0375746   0.013442724   -0.013677548   -0.029702514   0.003109799   -0.24423411   -0.038908597   -0.014493326   0.7041849   -0.09413466   -0.23928344
0.03483625   -0.015644012   -0.021111725   -0.025050601   -0.01532868   -0.006902212   -0.1185534   0.00409125   0.008577969   0.2108678   -0.07098908   -0.22118573
0.05511692   0.0031004227   0.007420122   -0.046048947   -0.01570719   -0.009176059   0.029377267   0.0072274804   0.003971002   -0.24777888   0.01703841   -0.0300867
0.087478265   0.0036692936   0.060245898   -0.07080834   -0.016246533   -0.014662436   0.12009182   0.017205032   0.019146325   -0.5298016   0.12977652   -0.025163209
-0.061876852   -0.034068204   0.07502867   0.13840216   -0.059884846   -0.13058764   0.19924225   -0.014549054   0.11284014   -0.7161786   0.059444766   -0.53326887
-0.29490817   0.070047446   0.0018409974   0.7173125   -0.033041023   -0.31349504   0.019842273   -0.008205603   -0.08173227   0.10313727   -0.10913104   -0.008088683
-0.25454476   0.10411594   -0.015845427   0.785786   -0.11181535   0.070354745   0.13332246   0.03951494   -0.045496743   -0.055562057   -0.028426588   0.007536976
-0.12548932   0.015816895   -0.02699994   0.30609182   -0.13298082   0.13394302   0.08647352   0.002845083   0.011822652   -0.07261489   -0.0032763064   0.021502202
0.037462357   -0.029659903   -0.009533829   -0.2121359   -0.049890555   0.06702017   0.082521126   -0.017790122   0.019521149   -0.0925632   0.0069263927   0.023485756
0.121229425   -0.07543864   -0.016462069   -0.5543884   0.08713829   -0.024588646   0.074878745   -0.02130266   0.000653346   -0.107404485   0.0147077665   0.020540355
0.15707837   -0.06308196   -0.044902623   -0.6824494   0.1825404   0.19793521   0.02996445   0.018149208   -0.012375339   -0.048470095   -0.0013789667   0.039339863
0.14915083   0.055169858   -0.040675938   -0.52390635   0.7562262   0.56718284   -0.29065213   0.09171749   -0.032203466   0.52365947   -0.14603437   0.39742035
0.07893074   -0.009328599   0.06088204   0.0323934   -0.062322892   0.014213924   -0.28357   -0.038467314   -0.010893488   0.79273725   -0.06279829   -0.028534262
0.09407807   -0.050719995   0.008146471   -0.057338383   -0.011088713   0.0055002905   -0.19256286   -0.05709792   3.4294233e-05   0.5134361   -0.10006433   -0.31639704
0.04044545   -0.0057854434   -0.013247182   -0.03451149   -0.013692972   -0.007972473   -0.05308897   0.0016600384   0.011130412   -0.033838   -0.0332752   -0.13395645
0.07119313   0.010466145   0.02905804   -0.056946516   -0.017322067   -0.013534683   0.07404684   0.009638055   0.006510676   -0.41807088   0.08073537   0.031960294
0.06680193   -0.012781528   0.064580046   -0.03256212   -0.035432257   -0.016340932   0.16476488   0.006901499   0.06693122   -0.6609517   0.15227908   -0.25715384
-0.22717313   -0.031833064   0.04026818   0.45094353   -0.13792935   -0.32002196   0.17439274   -0.080146834   0.10837847   -0.3614567   0.18926214   0.98056155
-0.29597527   0.09208487   -0.046313725   0.83969134   -0.06067976   -0.023407977   0.1033285   0.029766953   -0.06525808   0.0026678757   -0.054586925   -0.0028863715
-0.21059619   0.055155784   -0.048469037   0.5876387   -0.13293678   0.11056431   0.111726046   0.023462001   -0.009889354   -0.061588626   -0.018923104   0.008483871
-0.06456309   0.006561227   -0.00977628   0.07583588   -0.09339125   0.10083055   0.08618052   -0.010642151   0.012926646   -0.07904725   -0.0021133383   0.02115585
0.08187967   -0.043606978   -0.0034778346   -0.4110212   0.047679342   -0.014269977   0.08687091   -0.026380733   0.0060135326   -0.10356245   0.010933652   0.02547206
0.14940174   -0.063975394   -0.021765223   -0.645183   0.15679507   0.051265515   0.07791117   -0.004691686   -0.008488699   -0.10722627   0.012165482   0.017538844
0.21747778   -0.0081007695   -0.11065284   -0.8016179   0.037522126   0.30324858   -0.12273071   0.043964025   -0.038718924   0.2069784   -0.107044674   0.33707735
-0.013953413   0.038928486   0.008232715   0.103764035   -0.03439767   -0.0004031336   -0.28211114   0.012037347   -0.06070446   0.65161216   -0.0341623   0.23866355
0.10233976   -0.04558857   0.013218643   -0.029018356   -0.023812866   -0.00030330574   -0.22835603   -0.051806565   -0.03099124   0.71562093   -0.0936197   -0.35046622
0.038445156   -0.018188814   -0.02461293   -0.034649912   -0.011233955   -0.004602536   -0.12075523   0.006408664   0.0085532805   0.22037871   -0.08390362   -0.30111548
0.054410573   0.0041190074   0.010998393   -0.051883012   -0.012270228   -0.007145884   0.022979405   0.009750403   0.003790546   -0.25299904   0.015740516   -0.04375079
0.08649798   0.0039399406   0.06300112   -0.07586169   -0.0127466265   -0.012972056   0.11298306   0.017933443   0.01647016   -0.53640217   0.13996357   -0.028961912
-0.09796251   -0.03993134   0.09686295   0.19140385   -0.0849981   -0.19595602   0.20918739   -0.04051458   0.1389209   -0.75842375   0.05451054   -0.47036108
-0.27719975   0.068879925   -0.006648139   0.7096605   -0.04649973   -0.29823622   0.060873795   -0.0052602794   -0.08348796   0.045112982   -0.0709396   -0.025300011
-0.25246623   0.10570548   -0.021878695   0.79216045   -0.12317524   0.061184146   0.13664018   0.04582123   -0.0421526   -0.06876934   -0.021651376   0.008536457
-0.12081859   0.012181738   -0.03199852   0.3050508   -0.13696602   0.1441583   0.08213143   0.0027198773   0.012562051   -0.071763   -0.0052379607   0.020045152
0.041710425   -0.030884236   -0.013202692   -0.21816905   -0.028042912   0.073317096   0.07102529   -0.019839536   0.020132871   -0.081562385   0.0024732163   0.026753718
0.13395281   -0.07314778   -0.01971226   -0.5659887   0.09521137   -0.02749312   0.06569904   -0.022097347   0.0043513817   -0.09360462   0.0086222915   0.024877219
0.17777158   -0.053722072   -0.05807885   -0.711628   0.16922261   0.15304923   0.01093886   0.020018479   -0.014008023   -0.01949876   -0.0142267635   0.04612433
0.13044451   0.054306533   -0.027725507   -0.41234133   0.6129715   -0.112400435   -0.26828453   0.083512254   -0.020426199   0.4550224   -0.15958883   0.3585729
0.09005715   -0.027018085   0.05488013   -0.002502529   -0.049018353   0.008799696   -0.29622355   -0.05083385   -0.019351197   0.7829386   -0.036452744   -0.010413079
0.085100554   -0.04282859   -5.9345995e-05   -0.06156503   -0.008439085   0.0067218556   -0.21662079   -0.032987945   -0.002543057   0.50241274   -0.09552926   -0.2735173
0.043457143   -0.0025925103   -0.0123204   -0.037721954   -0.015136546   -0.005508118   -0.078630865   0.0056044026   0.0041097887   -0.009128153   -0.044145595   -0.14287263
0.07875263   0.012512212   0.035754863   -0.06026038   -0.017000834   -0.012323903   0.054317046   0.0072121373   0.0009027812   -0.39844832   0.08470888   0.019178584
0.07431828   -0.0120237805   0.075061046   -0.034600634   -0.034035575   -0.018944887   0.16391803   0.0034130015   0.06597077   -0.6662508   0.12374729   -0.24396412
-0.22232573   -0.036441635   0.028170794   0.44616577   -0.15779254   -0.3738194   0.173803   -0.08128789   0.09206404   -0.38335368   0.2734566   0.8301984
-0.2845343   0.09086087   -0.04772297   0.83742136   -0.10565881   0.024676427   0.12375253   0.022644797   -0.07774159   -0.0066831456   -0.051950384   0.008746089
-0.22292064   0.05626571   -0.04877779   0.61877126   -0.13936754   0.119657755   0.11573293   0.02260772   -0.011699023   -0.06540733   -0.015519201   0.015017419
-0.057260092   0.004455114   -0.0113673   0.058228023   -0.090049736   0.10423416   0.09461712   -0.010312728   0.012569209   -0.08693138   -0.0005802846   0.018748214
0.071733356   -0.04214437   0.0024581167   -0.4006562   0.037731733   -0.020497298   0.08612367   -0.02436625   0.0074420027   -0.105750695   0.012221417   0.024126155
0.13641487   -0.06403332   -0.015772084   -0.6238182   0.095146865   0.025134891   0.07724804   -0.003973885   -0.0079744   -0.10718011   0.01215681   0.016262153
0.20686081   -0.00914413   -0.10690796   -0.7916874   0.03048474   0.3036911   -0.122640565   0.04487488   -0.0349546   0.20796023   -0.1092   0.33118042
-0.0031278275   0.045165095   0.0015884809   0.07982696   -0.034912128   0.004568905   -0.30721077   0.0074388697   -0.09586944   0.72262466   -0.048534717   0.23283422
0.07951554   -0.042455412   0.0064792642   -0.007327006   -0.031121416   0.00032845954   -0.2424583   -0.051820446   -0.024690052   0.72348946   -0.09659236   -0.27559742
0.03843872   -0.022088949   -0.021461505   -0.02830406   -0.016196443   -0.0037567664   -0.1232331   -0.0013520076   0.013712048   0.22682355   -0.08267806   -0.2554166
0.05102573   0.00033254342   0.006032131   -0.04353865   -0.01447948   -0.007476818   0.01580679   0.009126617   0.011625202   -0.23007496   0.036812108   -0.02822194
0.08559572   0.0044146106   0.06402149   -0.06688823   -0.020128114   -0.012075998   0.11641546   0.019496491   0.026380548   -0.5413077   0.13344984   -0.02198019
-0.08286129   -0.03228123   0.08965235   0.17502642   -0.075982295   -0.16453524   0.21194819   -0.024634037   0.12740932   -0.7594893   0.06304913   -0.5062354
-0.3051436   0.08045469   -0.009139656   0.7660379   -0.036654852   -0.2853874   0.04012163   -0.0020953633   -0.09787007   0.08821609   -0.111339964   -0.011901735
-0.2465825   0.10603132   -0.020439016   0.7875504   -0.11466142   0.078235924   0.14010406   0.045626294   -0.046323214   -0.06275134   -0.030588824   -0.0022623306
-0.13563387   0.00593915   -0.033752255   0.30464026   -0.120464146   0.14902082   0.08367304   -0.001721593   -0.0062375176   -0.06854092   -0.0065100575   0.030436248
0.040181637   -0.033042196   0.0020072535   -0.23338094   -0.03667139   0.054998726   0.079072334   -0.017808445   0.015746845   -0.08385421   0.00093294756   0.02309196
0.13090862   -0.076332316   -0.01585378   -0.57639164   0.12269943   -0.0060574864   0.07018681   -0.01623634   0.0049198926   -0.09642587   0.009140784   0.020430785
0.1729796   -0.059633702   -0.048896622   -0.70094925   0.14674293   0.16117164   0.018542347   0.025133057   -0.0032959972   -0.026333649   -0.010657614   0.050441664
0.11959155   0.06381172   -0.058559626   -0.24245527   0.5167662   -0.053591527   -0.275309   0.09530831   -0.054154634   0.5539136   -0.12842762   0.32874936
0.07055094   -0.018889321   0.029858178   0.012893984   -0.04198795   -0.00033192165   -0.29003268   -0.040549573   -0.029797086   0.7791329   -0.08592724   -0.12977536
0.07635533   -0.04254065   -0.006876112   -0.059593655   -0.0072335075   0.006321811   -0.21427988   -0.03978152   0.0016849237   0.4805923   -0.09665049   -0.2712092
0.05580333   -0.0029687993   -0.0036924821   -0.048010204   -0.012207148   -0.0038105776   -0.06810655   -0.0012722411   0.011048496   -0.035456683   -0.019653626   -0.10047392
0.08134969   0.015066385   0.037543185   -0.06411859   -0.014769978   -0.013425173   0.052762467   0.010267428   0.003616389   -0.41047406   0.11106378   0.03630096
0.0751087   -0.012352991   0.06972039   -0.040262062   -0.032815177   -0.017783266   0.14971949   0.0028871666   0.060524505   -0.661829   0.14050967   -0.2576494
-0.233561   -0.03363375   0.03131455   0.49624997   -0.1612851   -0.4274883   0.20143591   -0.09963231   0.045867115   -0.42819485   0.53795314   0.58781594
-0.30377242   0.09954779   -0.0515636   0.8698155   -0.110943235   0.0688367   0.112357415   0.025601536   -0.082107455   0.004750201   -0.05420273   -0.0017788904
-0.21192136   0.06881657   -0.049270425   0.59508973   -0.1440547   0.13335912   0.115910016   0.029971583   -0.013901097   -0.06562363   -0.014843263   0.013445164
-0.04702514   0.002953339   -0.012646699   0.043932963   -0.09338807   0.10609408   0.08822005   -0.009197748   0.014527324   -0.07864354   -0.0019445282   0.019112019
0.09229096   -0.050034177   -0.0023685903   -0.43003997   0.045268845   -0.0043474645   0.082057916   -0.02577651   0.0072592436   -0.0975449   0.009356018   0.023844093
0.15219237   -0.07008579   -0.01823352   -0.6440206   0.122937165   0.038907036   0.07041662   -0.0053856685   -0.010052214   -0.0971314   0.00870538   0.015999256
0.21619008   -0.019656723   -0.10306281   -0.79343265   0.021994153   0.3077171   -0.13033418   0.041731697   -0.027269388   0.21614452   -0.111138575   0.32942376
-0.009408182   0.03762774   0.00020914194   0.096994326   -0.073787056   0.0066085877   -0.31022164   0.0031564184   -0.09112863   0.7420056   -0.03569529   0.20758589
0.10900848   -0.046035267   0.014354698   -0.01885438   -0.027851118   -0.0022868405   -0.20441313   -0.051087577   -0.019006528   0.7187546   -0.11209314   -0.3492602
0.032794233   -0.020625798   -0.026798977   -0.027256241   -0.014130647   -0.0054122075   -0.10827551   0.007919571   0.017621867   0.21225   -0.09294179   -0.27263403
0.044526186   0.0017887239   0.0058279065   -0.042651318   -0.014101294   -0.00861657   0.032871094   0.013776545   0.016666   -0.25709307   -0.0033509915   -0.025687814
0.07929192   0.0046886574   0.061275978   -0.066146106   -0.01725578   -0.013759406   0.12506472   0.021657309   0.029203659   -0.5443767   0.08660118   -0.0026878184
-0.08669953   -0.03209048   0.09808339   0.17262904   -0.07420101   -0.15463375   0.20872052   -0.029717064   0.13339113   -0.7587614   0.058894504   -0.5303032
-0.27004093   0.07581721   -0.015919048   0.70632696   -0.043911878   -0.3050622   0.062153537   0.0011140422   -0.08987036   0.048473004   -0.06659671   -0.02881034
-0.2532767   0.10429197   -0.02530509   0.79310364   -0.11796409   0.06857744   0.13281673   0.044430073   -0.04954731   -0.0628651   -0.022108017   0.015271895
-0.11900029   0.0114926   -0.030411322   0.2993344   -0.13955285   0.15530986   0.07861589   0.0020012555   0.0088091465   -0.06867241   -0.006096747   0.018206028
0.050677557   -0.03248647   -0.011698   -0.23079193   -0.03748603   0.088629   0.07345395   -0.019352736   0.018458646   -0.08449676   0.0034299984   0.02387801
0.13150406   -0.0737546   -0.01718687   -0.5643495   0.10843463   -0.0027904992   0.06308185   -0.020088729   0.002793946   -0.09695151   0.01133893   0.02195866
0.17376964   -0.058019824   -0.0569829   -0.7006926   0.16224013   0.18016978   0.015175769   0.021523364   -0.009161661   -0.03030833   -0.008874475   0.04467005
0.1365454   0.062008347   -0.022564767   -0.40266138   0.7449806   0.11539155   -0.2889653   0.0901142   -0.038450744   0.51123065   -0.14629106   0.3652393
0.09739549   -0.024324449   0.053050376   -0.014589607   -0.038242515   0.007562657   -0.28795075   -0.048715416   -0.020350477   0.777678   -0.06731973   -0.056437112
0.07754167   -0.040958997   -0.0007684703   -0.06273895   -0.005300059   0.0047946847   -0.21664917   -0.03770392   -0.00075329276   0.4805685   -0.094680786   -0.24925844
0.042938326   -0.0008764282   -0.0066744015   -0.039731476   -0.013792549   -0.0064268284   -0.0715372   -0.00067514833   0.0060583944   -0.038055435   -0.02445643   -0.13085005
0.07185208   0.013183859   0.032549255   -0.055520147   -0.015694564   -0.01464016   0.052952576   0.0037804067   0.002039562   -0.39943665   0.10531199   0.0339544
0.07155441   -0.008443115   0.063570336   -0.033317223   -0.036084168   -0.023263738   0.14610657   0.0073662708   0.052445482   -0.62769884   0.12919444   -0.27477145
-0.2410595   -0.029292775   0.044427965   0.5056867   -0.14805858   -0.36371702   0.1950822   -0.096857935   0.04244211   -0.43223587   0.5036666   0.5608975
-0.28638905   0.100047044   -0.05013279   0.84877604   -0.11610975   0.06292313   0.111276925   0.028851835   -0.079375744   0.009348347   -0.057138063   -0.0029916044
-0.21040452   0.06970968   -0.04581962   0.59472406   -0.13812426   0.12881441   0.11365368   0.033152267   -0.014793346   -0.06472648   -0.017560562   0.004663327
-0.0522055   0.0001886501   -0.012436872   0.046667423   -0.10158857   0.09662761   0.08625625   -0.006827903   0.012476069   -0.07986169   -0.0019127583   0.017261101
0.07340192   -0.04490605   -0.00093517185   -0.3896607   0.013615059   -0.04720152   0.07935506   -0.021024954   0.009904454   -0.09681383   0.009150326   0.02238816
0.14801797   -0.07227264   -0.029124675   -0.6445837   0.17758124   0.06175327   0.07271734   -0.0037647453   -0.010046131   -0.09910072   0.0091659855   0.015766937
0.20659962   -0.011818073   -0.10751935   -0.79009587   0.04231788   0.29344466   -0.12710452   0.044734705   -0.030031567   0.21102129   -0.11112068   0.3240535
-0.008792172   0.042047314   0.016822642   0.10322689   -0.028110525   0.0043332526   -0.28174093   0.016613161   -0.04730318   0.65526575   -0.052729107   0.25869468
0.08165967   -0.039154764   0.012121285   -0.013318802   -0.029930456   0.0003524738   -0.24759987   -0.043614943   -0.023850283   0.7181221   -0.08134103   -0.29243585
0.03552007   -0.017765235   -0.02244496   -0.028017296   -0.013155857   -0.006976772   -0.1251373   0.0050472305   0.010933491   0.22648068   -0.07777631   -0.2733677
0.054453023   0.0012934363   0.009085414   -0.04794642   -0.01406855   -0.008597951   0.022409158   0.006581577   0.008544238   -0.23908079   0.02576891   -0.045568265
0.088234305   0.002040351   0.060596514   -0.07215785   -0.015286972   -0.01410729   0.119637325   0.0152599085   0.025860861   -0.5316754   0.13215534   -0.020275861
-0.08260219   -0.036260583   0.08915837   0.16949229   -0.07076768   -0.1617497   0.21404396   -0.033288725   0.12973599   -0.75543356   0.05977843   -0.49312162
-0.26967916   0.07090339   -0.013037026   0.7033195   -0.04071968   -0.31519392   0.065516144   -0.0019004283   -0.08928821   0.052178394   -0.075357616   -0.04947694
-0.2610459   0.10332302   -0.018776428   0.7966779   -0.118018925   0.06746473   0.1308156   0.044193316   -0.045842018   -0.060273793   -0.024097485   0.01046999
-0.120548405   0.010892103   -0.026616082   0.29909155   -0.13897605   0.16230963   0.0835096   0.0032802739   0.011889975   -0.07132463   -0.0055033644   0.017879715
0.046580788   -0.03442764   -0.007750877   -0.23100045   -0.044023875   0.058723833   0.07635552   -0.018856071   0.021019032   -0.08646792   0.0047438676   0.025721023
0.12695894   -0.077526554   -0.015549752   -0.56516504   0.11451707   -0.009638264   0.06744241   -0.020967994   0.001976509   -0.09950482   0.0112464195   0.021017646
0.16703229   -0.060204923   -0.052528508   -0.69975233   0.17162646   0.17807303   0.019495498   0.020398049   -0.011508236   -0.03414945   -0.008128284   0.041461762
0.121103   0.048025806   -0.10458658   -0.37242526   0.3253413   -0.65835106   -0.28440484   0.087836616   -0.038865175   0.51042557   -0.14429128   0.37650564
0.105526105   -0.021964869   0.046858396   -0.018738242   -0.040225595   0.0008886056   -0.27495506   -0.039730355   -0.010660334   0.77587664   -0.06491275   -0.081236534
0.09054207   -0.037081223   -0.0015412531   -0.06435936   -0.0080980295   0.0056499275   -0.19319873   -0.030477835   0.002242652   0.47786507   -0.09591155   -0.30728504
0.04577294   -0.0026705365   -0.009232136   -0.04345709   -0.012006588   -0.005131682   -0.056750335   -0.004938756   0.005770665   -0.052153666   -0.016730608   -0.12484541
0.07323041   0.011872406   0.031923987   -0.058699187   -0.015567397   -0.013703192   0.06696919   0.00034379904   0.004440193   -0.4214726   0.09427326   0.04194692
0.06519406   -0.014613268   0.06487088   -0.030358136   -0.03643365   -0.017185165   0.15627328   -0.005196582   0.0655225   -0.6559167   0.117865555   -0.26061448
-0.24540822   -0.029680682   0.03334605   0.51280004   -0.14197198   -0.35802925   0.17771916   -0.074835956   0.2140193   -0.251474   -0.67694795   2.207051
-0.26685283   0.03929479   -0.067657985   0.79927546   -0.05215798   -0.06325107   0.097611494   0.0011141527   -0.056019634   0.024905346   -0.0624488   0.015452958
-0.20394747   0.032282043   -0.031613186   0.59000087   -0.13423567   0.1510556   0.10184895   0.0007984756   0.0014998448   -0.04804013   -0.024885254   0.011302753
-0.0586118   0.024143182   0.011715635   0.08272209   -0.092541136   0.120213844   0.09621068   -0.011042688   0.01436568   -0.09463727   0.004745495   0.021151755
0.056068093   -0.025993977   0.016529286   -0.35740623   0.04456538   -0.021384813   0.08548161   -0.02373487   0.007306717   -0.11476081   0.017568262   0.021100061
0.12036621   -0.058580108   -0.008670266   -0.59021723   0.11211133   0.041312512   0.078969605   -0.0045633214   -0.006231102   -0.12111936   0.021098396   0.016787183
0.20545857   -0.0060739587   -0.10438366   -0.7837567   0.05585741   0.28405467   -0.10808464   0.04823404   -0.034103252   0.17693071   -0.09597329   0.3261314
0.14824407   0.084613234   0.018036144   -0.21443479   0.43019253   -0.033005908   -0.3230448   0.08030548   -0.03505413   0.71349126   -0.0486209   0.19376281
0.099088006   -0.03831533   0.047824096   0.003463411   -0.04828174   0.00474891   -0.24104738   -0.06254761   -0.010485723   0.72161835   -0.09455692   -0.27206656
0.0628098   -0.036323354   -0.005710635   -0.0435378   -0.012635529   4.517208e-05   -0.12830035   -0.024649886   -0.0030918296   0.24491666   -0.07791263   -0.23698798
0.052518345   0.00033892665   0.0013150465   -0.04385913   -0.015519919   -0.0070576766   0.017600408   0.021330936   0.0044219657   -0.24771409   0.024461588   -0.029656028
0.08476035   0.003440297   0.056270927   -0.06322519   -0.0204864   -0.012090023   0.127061   0.02813794   0.028373359   -0.5607859   0.11212678   -0.008345359
-0.09013243   -0.02778076   0.104504965   0.19011487   -0.09422724   -0.17881608   0.21375404   -0.02811502   0.12422564   -0.7713936   0.049225908   -0.48203525
-0.26572618   0.07141852   -0.018617297   0.69528145   -0.047520973   -0.29451308   0.08101629   -0.0065227533   -0.12639233   0.055736374   -0.081890404   -0.07845446
-0.26893255   0.1045033   -0.013681802   0.81900996   -0.11748387   0.0694752   0.13978122   0.04587454   -0.051937144   -0.073552094   -0.018882444   0.01197892
-0.12457631   0.008074435   -0.029524788   0.3178635   -0.14331084   0.167656   0.08575844   0.00525921   0.013177387   -0.078839876   -0.0018550776   0.019656716
0.048457004   -0.034326587   -0.015476179   -0.21986245   -0.025456512   0.07386403   0.07838318   -0.015731651   0.023816416   -0.092226475   0.007825713   0.028243164
0.1351107   -0.07705646   -0.028052766   -0.5739387   0.101323955   -0.027307147   0.067269854   -0.019384256   0.0033981164   -0.10041119   0.0110114645   0.02267888
0.1739553   -0.052090194   -0.06033471   -0.7147588   0.17316335   0.14628956   0.010503634   0.02212946   -0.020949287   -0.024652397   -0.012170296   0.045554243
0.112397805   0.06320917   -0.035449784   -0.33264762   0.5219528   -0.072166204   -0.29209766   0.09352436   -0.045760114   0.53156555   -0.1455206   0.31624302
0.10011357   -0.028701266   0.044312075   -0.015979616   -0.037086092   0.006155926   -0.270885   -0.043547723   -0.024184939   0.7703087   -0.06353351   -0.06663039
0.075145744   -0.040736284   -0.0039852364   -0.060112845   -0.007644003   0.007382279   -0.20646535   -0.028348038   -0.0017345933   0.46919948   -0.09233446   -0.25080425
0.04552717   -0.0015570301   -0.008101593   -0.04069155   -0.01499365   -0.0041466295   -0.06020094   0.0051662563   0.0060229804   -0.050149273   -0.033870943   -0.12336581
0.067886524   0.012507826   0.031298693   -0.0518696   -0.018757202   -0.012224   0.048770826   0.006586661   -7.176449e-05   -0.3924845   0.096234374   0.034487292
0.06947592   -0.009604826   0.072398245   -0.029730642   -0.035473064   -0.018542286   0.15517123   0.005516295   0.061047275   -0.6498339   0.11712605   -0.27487415
-0.24356332   -0.029401923   0.037480578   0.48927784   -0.16685258   -0.40682697   0.18659355   -0.07975415   0.09894047   -0.40884152   0.24982679   0.87298787
-0.29432687   0.09318641   -0.045924436   0.8436718   -0.066818856   -0.024016319   0.10805382   0.024445042   -0.07012472   0.009713943   -0.05900976   0.0012799101
-0.21774916   0.06577411   -0.044650998   0.5959814   -0.133075   0.09539839   0.111845456   0.026648328   -0.012994507   -0.060794767   -0.018724434   0.010685523
-0.052555125   0.008882565   -0.011744392   0.050911058   -0.07452541   0.09687477   0.09339916   -0.007572926   0.012619573   -0.08328901   -0.0011452398   0.02146202
0.08239986   -0.04475382   -0.005903381   -0.41982365   0.055206534   -0.008550315   0.08689489   -0.024450557   0.00528158   -0.10287235   0.009113595   0.022422647
0.13039364   -0.060980316   -0.015028651   -0.61575556   0.14010897   0.034395948   0.07052678   -0.0034666068   -0.008640255   -0.10102632   0.010379161   0.017687727
0.2151304   -0.004240889   -0.112361014   -0.80054504   0.027900875   0.2451562   -0.1303383   0.045364127   -0.04008329   0.21954504   -0.11632526   0.32390147
-0.0031179485   0.02918155   0.0155680245   0.10788969   -0.048967622   0.016547037   -0.2882105   0.0056940997   -0.05064994   0.70656174   -0.019002816   0.18609402
0.088307925   -0.044216145   0.007229943   -0.020655377   -0.02712794   0.0020236266   -0.23464583   -0.041963827   -0.021942487   0.7094911   -0.09504947   -0.3060348
0.03549729   -0.017092453   -0.025173297   -0.030069059   -0.014275039   -0.0057979603   -0.116350845   0.011380198   0.012939448   0.20574895   -0.08496982   -0.26642677
0.052610833   0.004163533   0.009861836   -0.047093544   -0.01512598   -0.008430156   0.023522446   0.011697251   0.006879985   -0.25308844   0.0052225334   -0.033229373
0.08623527   0.005882586   0.05736204   -0.06924961   -0.016324233   -0.015865775   0.114701405   0.021219049   0.018149784   -0.52897066   0.13350646   -0.016861558
-0.08385929   -0.03220914   0.09570233   0.17365071   -0.07259488   -0.16899164   0.21128996   -0.029841399   0.12865753   -0.7614823   0.061615456   -0.49100277
-0.28391644   0.06592132   -0.004766036   0.7090284   -0.037064664   -0.27106157   0.029683782   -0.006262584   -0.08095082   0.095072635   -0.09360587   -0.037152473
-0.25295618   0.10869473   -0.016849225   0.78970146   -0.123775914   0.08177703   0.1317249   0.04448998   -0.045414407   -0.05471784   -0.027340448   0.015519524
-0.12760988   0.012247357   -0.026180608   0.3096845   -0.13778046   0.16355924   0.07619069   0.0015621885   0.013822593   -0.06415805   -0.0080081485   0.021214932
0.036768254   -0.025133634   -0.012447984   -0.19811778   -0.02759759   0.071099676   0.07595851   -0.01614979   0.022476917   -0.08565787   0.005811485   0.03195926
0.12934098   -0.07414835   -0.025681024   -0.5640795   0.098796286   -0.0172718   0.06961729   -0.020520171   0.002718034   -0.10164851   0.012346277   0.02423293
0.1708493   -0.05565205   -0.05831339   -0.70409817   0.16034104   0.16727534   0.019874396   0.020398138   -0.016062016   -0.035426956   -0.0072985566   0.04264724
0.14095865   0.048420947   -0.053718656   -0.49701086   0.6033043   0.36134773   -0.27431303   0.087433726   -0.016480645   0.46736416   -0.16082072   0.3638061
0.0969342   -0.025393149   0.06378152   -0.002927218   -0.050180234   0.01441887   -0.2899262   -0.05154242   -0.016197532   0.7965706   -0.050214946   -0.023309581
0.08685156   -0.04649064   0.0026718169   -0.058717992   -0.010281794   0.00649348   -0.20347178   -0.038343105   -0.0022912892   0.50151104   -0.093577564   -0.2753496
0.043043997   -0.004606441   -0.012789114   -0.03750196   -0.013421439   -0.006910196   -0.06441748   0.0072861933   0.0056063137   -0.029116586   -0.022680601   -0.12313098
0.07868124   0.01100894   0.031156216   -0.061392922   -0.016755288   -0.0129230665   0.06719129   0.010576986   0.0012322076   -0.41728115   0.07821622   0.03279519
0.068871155   -0.0129423905   0.065901496   -0.033389375   -0.035370268   -0.017868772   0.15119086   0.00605642   0.061122455   -0.6488494   0.12049737   -0.24663296
-0.24683082   -0.030768959   0.028410772   0.5091215   -0.15366018   -0.37330577   0.18568988   -0.084607095   0.09234544   -0.37210533   0.22837412   0.948143
-0.2947784   0.087037325   -0.054490823   0.8497268   -0.085837625   0.051195096   0.11556226   0.022724336   -0.07468094   -0.005868146   -0.05205313   0.003434681
-0.2134866   0.055927195   -0.045239758   0.5844517   -0.13390522   0.11917188   0.110752024   0.020980936   -0.00872109   -0.06542089   -0.016166711   0.012881914
-0.05455346   0.0075381654   -0.009277832   0.04628877   -0.08236531   0.08124172   0.089660995   -0.011057248   0.013961821   -0.0833066   -0.0008403088   0.02263512
0.07868519   -0.04232305   -0.0035210184   -0.41796446   0.029305635   -0.034773655   0.0840834   -0.025768643   0.0064191967   -0.10156261   0.00859163   0.023086108
0.13930874   -0.061194815   -0.020647006   -0.6351678   0.12727296   0.028167918   0.07393977   -0.0036897163   -0.008937309   -0.103057936   0.010198459   0.017848931
0.20071247   -0.0059910715   -0.09171705   -0.76781243   0.028325478   0.25954098   -0.11265608   0.04789134   -0.02659829   0.18706787   -0.10697649   0.28803882
-0.0050838697   0.042298026   0.022599297   0.09331432   -0.02742221   -0.007132581   -0.3080342   0.016975334   -0.052909333   0.70372003   -0.029767042   0.21280907
0.08536369   -0.039755236   0.010542845   -0.014245763   -0.032957446   0.0056235255   -0.24657047   -0.041231163   -0.027494106   0.71463346   -0.09362661   -0.29146072
0.040775407   -0.019654037   -0.021175487   -0.030702693   -0.013490014   -0.0045282384   -0.12768954   0.0017952916   0.0050306   0.22245105   -0.072866976   -0.22325252
0.056993674   0.0013924673   0.009130657   -0.048875608   -0.0147838   -0.006546563   0.013754839   0.006617782   0.0027413468   -0.23591621   0.010902003   -0.022403704
0.09267862   0.004499091   0.061506506   -0.07355446   -0.017499099   -0.012143323   0.11438751   0.018825263   0.019491276   -0.53666276   0.13595173   -0.023717588
-0.071803056   -0.030783018   0.09427679   0.15771054   -0.072508864   -0.17172405   0.20376943   -0.025668887   0.1221168   -0.75079435   0.067937545   -0.5396431
-0.29545605   0.06456717   -0.002670204   0.7301008   -0.03974719   -0.2833101   0.040744923   -0.010147619   -0.08434602   0.07212787   -0.0709284   -0.040175594
-0.231872   0.108171485   -0.022330906   0.79015505   -0.13473141   0.108379915   0.15642384   0.04492138   -0.049738646   -0.06859742   -0.026941199   0.012362405
-0.11969771   0.013926377   -0.033787105   0.31116885   -0.14206068   0.15517382   0.08609614   0.005167913   0.012118205   -0.07242322   -0.0063555012   0.01850439
0.047780592   -0.03065979   -0.013879334   -0.22482382   -0.034128696   0.058277547   0.07565229   -0.017391404   0.023132263   -0.08623961   0.0046337186   0.028404508
0.12896584   -0.07334167   -0.024910787   -0.5653651   0.08474591   -0.033389103   0.06447909   -0.020191036   0.0028010034   -0.095669754   0.008209411   0.020422926
0.16423962   -0.051464435   -0.05792422   -0.6981031   0.15728298   0.16209213   0.010876566   0.021397738   -0.015381272   -0.025506249   -0.010387946   0.039138056
0.12224759   0.038022455   -0.16939832   -0.4082304   1.2348605   -1.1367826   -0.28423202   0.08352173   -0.052722484   0.5148361   -0.14314304   0.3426673
0.08433961   -0.03145155   0.028778166   -0.025242958   -0.026153913   0.0051503307   -0.3006248   -0.04387255   -0.023365874   0.7751757   -0.051066276   0.06701151
0.08497878   -0.04081614   -0.006456318   -0.0836276   0.003848989   0.0029082897   -0.2271431   -0.032017935   0.0017530719   0.47898912   -0.09984379   -0.255367
0.057914913   0.0027362134   -0.0056271474   -0.05467983   -0.0097168395   -0.0056352513   -0.078609765   8.552586e-05   0.0011796431   -0.024844851   -0.017468149   -0.15375093
0.07568623   0.018007806   0.03324704   -0.05614866   -0.01866186   -0.014528173   0.040163945   0.001356539   -0.006153582   -0.3827384   0.09307574   0.01634599
0.07907769   -0.006110277   0.06826962   -0.036499206   -0.03709755   -0.020520901   0.13814434   0.0014053256   0.04339057   -0.616428   0.10072327   -0.29926643
-0.23868532   -0.037549824   0.031455975   0.4884858   -0.1610571   -0.3721525   0.18854468   -0.08948689   0.09964176   -0.4305277   0.6663899   0.40603414
-0.2929442   0.08470168   -0.05084415   0.82071906   -0.08894194   -0.070430845   0.08025147   0.017478248   -0.07074382   0.061027396   -0.07321704   -0.00442121
-0.22498047   0.08508619   -0.049614888   0.62343776   -0.11984622   0.11859723   0.115185775   0.0394254   -0.018417275   -0.04764136   -0.025962874   0.015789432
-0.06416999   0.0105231935   -0.013619738   0.06924313   -0.090363644   0.12184998   0.09438983   -0.0016290371   0.008239483   -0.07697642   -0.006478527   0.017149342
0.0677818   -0.042154264   0.0015929107   -0.3835977   0.06771549   0.00038575396   0.08959495   -0.018883789   0.0063181827   -0.1023341   0.010006601   0.023792384
0.13907479   -0.0715781   -0.020518262   -0.6325621   0.12712406   0.049548797   0.07979246   -0.0036297187   -0.01349116   -0.10604607   0.01020922   0.014627147
0.20118733   -0.012591212   -0.100782655   -0.79222083   0.015931627   0.27942997   -0.117698625   0.042599432   -0.043944802   0.19704409   -0.11065107   0.30022547
0.016908951   0.037625883   0.029650033   0.06813375   -0.015943866   0.022451952   -0.29094365   0.009262689   -0.048158806   0.7046106   -0.023110157   0.18164097
0.086221285   -0.03664533   0.01054461   -0.02251268   -0.028087711   0.0023160982   -0.23648833   -0.03256481   -0.010284584   0.7119512   -0.09930615   -0.2726178
0.030245213   -0.014623681   -0.028119786   -0.027611418   -0.012009542   -0.0098162   -0.12160897   0.015082627   0.011480285   0.22891426   -0.08284565   -0.26931176
0.051821858   0.0031373787   0.005123449   -0.04782152   -0.012157179   -0.011010198   0.03192845   0.012456468   0.011485981   -0.2474302   0.025326604   -0.028660959
0.081682906   0.0031225362   0.06073279   -0.068363175   -0.01669964   -0.015293074   0.124174275   0.016463635   0.02834396   -0.5438976   0.1473655   -0.01664594
-0.105967365   -0.043996144   0.087216854   0.2082159   -0.06789977   -0.14202335   0.21894966   -0.04360434   0.1515129   -0.759761   0.065877594   -0.44646883
-0.270035   0.05774953   -0.030231237   0.6605124   -0.04535862   -0.286298   0.033425704   -0.0011667741   -0.085806236   0.08346939   -0.0721313   -0.060118236
-0.2681931   0.10650786   -0.020087032   0.8010537   -0.113349475   0.042643573   0.13299328   0.046946242   -0.052471157   -0.061446358   -0.024072701   0.012721047
-0.12558953   0.007402405   -0.030127598   0.30851397   -0.13479601   0.1314139   0.08793488   0.002547436   0.0060214717   -0.071012884   -0.0077018323   0.01746133
0.03564642   -0.034450326   -0.008683023   -0.2072575   -0.042963307   0.0726201   0.07816929   -0.01748811   0.017865475   -0.08686167   0.003585703   0.023452133
0.12668888   -0.07769402   -0.0147118   -0.5544538   0.11917626   0.0047625247   0.0729742   -0.019415816   0.0020027799   -0.103460684   0.012909062   0.02187487
0.17243925   -0.062336702   -0.051048853   -0.6958163   0.17981878   0.1945165   0.023954734   0.02144526   -0.007808043   -0.035503346   -0.009594605   0.05359694
0.13565807   0.046586525   -0.05026644   -0.42790747   0.61574197   -0.11206706   -0.26145327   0.08465633   -0.03141009   0.4627028   -0.15607443   0.40084973
0.07706969   -0.012105125   0.049003582   0.009385826   -0.045298677   0.00013481027   -0.298092   -0.039666843   -0.02143594   0.7841739   -0.06263362   -0.04419663
0.07949262   -0.038046196   -0.0003298902   -0.054481603   -0.009178712   0.004514408   -0.21398723   -0.04106201   -0.005571583   0.5004925   -0.093228616   -0.25962052
0.044956207   -0.0019923146   -0.008560707   -0.039048117   -0.0140254395   -0.0064935745   -0.0716297   -0.0062257727   0.0034280885   -0.021679247   -0.027578807   -0.13805982
0.07684359   0.01250162   0.03400336   -0.060507417   -0.017132347   -0.013482188   0.059058037   0.0006221917   0.0019422295   -0.40614605   0.07163293   0.025759075
0.072552785   -0.012457359   0.06549324   -0.035821155   -0.03493932   -0.017961433   0.15657124   -0.001126179   0.06321316   -0.6528215   0.11373245   -0.271092
-0.23484324   -0.033148486   0.036139738   0.50466263   -0.15279427   -0.36915487   0.19664244   -0.10078646   0.037011538   -0.4130709   0.5237021   0.5931727
-0.30024138   0.111636475   -0.042183027   0.8722769   -0.09961853   -0.026912672   0.10773613   0.04017396   -0.071814284   -0.000597899   -0.052687835   -0.013939415
-0.20393334   0.066051245   -0.046757963   0.57838297   -0.13914806   0.101016454   0.11366018   0.033681046   -0.011630195   -0.067077816   -0.014793961   0.009552655
-0.044802543   -0.0041365786   -0.012836401   0.034811746   -0.09846209   0.09547835   0.0861853   -0.008620154   0.01366518   -0.07724325   -0.0030232815   0.017353851
0.087339036   -0.05603804   -0.001774596   -0.42903924   0.056975123   -0.0058400966   0.07873698   -0.026214356   0.006328523   -0.093689136   0.0076352293   0.023735557
0.14473072   -0.07333667   -0.017163383   -0.6344309   0.16819386   0.053239074   0.068453856   -0.001803684   -0.010443145   -0.092799544   0.0068786624   0.016524002
0.21968074   -0.013754669   -0.11890477   -0.79513115   0.015899379   0.2814008   -0.14853719   0.046648096   -0.03447434   0.25218403   -0.12604645   0.3755045
-0.0009772325   0.03904208   0.018553793   0.08209899   0.00765266   0.067245476   -0.32053074   0.004364018   -0.08217354   0.74859726   -0.019039609   0.18642625
0.08679564   -0.042001925   0.012105334   -0.009836665   -0.03366336   0.0042160987   -0.23414366   -0.0512488   -0.024485342   0.7161973   -0.088565774   -0.31803378
0.03802537   -0.020075612   -0.02285288   -0.026611349   -0.014605053   -0.005973555   -0.111544564   0.0013661442   0.01343891   0.20541075   -0.07832868   -0.23733604
0.05097227   0.0015602371   0.0063138814   -0.043264065   -0.015080391   -0.008968235   0.028062275   0.0096543385   0.013802714   -0.25118282   0.017873982   -0.012184005
0.085495315   0.0044562677   0.060346927   -0.0664522   -0.017876849   -0.014656995   0.12655173   0.018788291   0.030822992   -0.54896826   0.14650372   -0.011868326
-0.08878122   -0.030825993   0.091379434   0.18665336   -0.085804716   -0.19671439   0.22279747   -0.030579707   0.13396463   -0.7767615   0.059492897   -0.45322153
-0.27507675   0.07682251   -0.017309371   0.7370968   -0.025945319   -0.31020233   0.062463064   0.004315216   -0.09118972   0.062638156   -0.069182   -0.051917728
-0.24586797   0.103564516   -0.01857202   0.78533435   -0.123322345   0.072079256   0.13852754   0.044003673   -0.046114374   -0.06392672   -0.022715226   0.01401456
-0.111925595   0.011616746   -0.026899232   0.28589863   -0.13857016   0.13869356   0.08493208   0.002709478   0.01015574   -0.072912775   -0.0045110327   0.0187195
0.056315996   -0.034002453   -0.008453746   -0.24282685   -0.048602343   0.06000597   0.07713302   -0.019230602   0.020997385   -0.08648297   0.0049543246   0.025339711
0.13366139   -0.07505853   -0.014178288   -0.5685069   0.08394344   -0.026160857   0.06689074   -0.020446567   0.0035169092   -0.09903043   0.011479312   0.021173617
0.1720104   -0.05965472   -0.045377966   -0.6965677   0.2047665   0.21342161   0.019823227   0.021238236   -0.006172138   -0.035514656   -0.005663968   0.04450729
0.1429808   0.03726633   -0.10053855   -0.50070167   0.22898355   -0.064268276   -0.2686583   0.08550669   -0.014844405   0.4656125   -0.1628961   0.40625882
0.09634727   -0.006220714   0.05718273   0.011896614   -0.05511092   0.005007068   -0.25917676   -0.031116137   -0.013763499   0.76200366   -0.05048427   0.004115
0.08190726   -0.03770272   0.00096016657   -0.04910564   -0.011131558   0.0038544026   -0.19876961   -0.036347248   -0.00970487   0.5189236   -0.10238867   -0.27333418
0.03709207   -0.005069048   -0.012415854   -0.037377458   -0.012761545   -0.006159222   -0.06245277   -0.00213546   0.0036837184   -0.021513952   -0.038571965   -0.15655105
0.07022562   0.007474558   0.030747352   -0.06298619   -0.012239407   -0.012091904   0.059607733   0.0016104259   0.0044711037   -0.39514947   0.081499   0.02271002
0.064560935   -0.01576767   0.068688266   -0.036674738   -0.031207237   -0.016899064   0.1543781   -0.0020781679   0.068813734   -0.65063816   0.12572242   -0.22399604
-0.23947632   -0.030848032   0.03956447   0.49938303   -0.14681914   -0.35909778   0.18124795   -0.08828376   0.098544955   -0.38226566   0.2048024   0.98730963
-0.27481556   0.08941613   -0.0441883   0.8288773   -0.07824349   -0.014636531   0.1134664   0.02855525   -0.06330839   -0.0069682263   -0.052199215   -0.0024360549
-0.20306471   0.05503968   -0.044304214   0.5785808   -0.14312987   0.113675214   0.10945757   0.022095649   -0.0088087125   -0.06538608   -0.015758328   0.010389141
-0.048155658   0.0055398694   -0.0077518234   0.041742217   -0.095015205   0.10290279   0.0863438   -0.011567274   0.012292791   -0.082087345   -0.0017392997   0.017643072
0.08075102   -0.045726016   0.0005893612   -0.42397028   0.039996263   -0.0060751596   0.07860723   -0.026670283   0.004525757   -0.10052677   0.010377029   0.023378104
0.14324969   -0.06445381   -0.016265916   -0.63789845   0.17568913   0.064423144   0.072345935   -0.0032897398   -0.007953406   -0.10465687   0.0123047065   0.017008951
0.2105207   -0.010799684   -0.109710656   -0.7832281   0.040041696   0.3017394   -0.12172667   0.047709532   -0.025861025   0.20491853   -0.107385136   0.33656502
-0.0022329343   0.03675576   0.010156182   0.09164809   -0.0262521   -0.00030239424   -0.28851113   0.014892998   -0.054575827   0.68924016   -0.0390234   0.26365852
0.0889694   -0.0408854   0.007469583   -0.024304893   -0.0271139   0.0028471474   -0.23702279   -0.04394814   -0.028205385   0.70443   -0.08739477   -0.33644727
0.036509037   -0.017056007   -0.0216621   -0.03174159   -0.012741886   -0.0051198737   -0.12116372   0.001940267   0.010591281   0.20613776   -0.075082615   -0.2524255
0.045716725   0.0011158561   0.007586746   -0.04302237   -0.013989332   -0.0071995975   0.007015423   1.5015375e-05   0.00644431   -0.22647431   0.018119833   -0.028520087
0.08315703   0.0049385983   0.06343935   -0.0661938   -0.018143145   -0.012619356   0.107649006   0.0108266715   0.020376226   -0.5283779   0.1609159   -0.039621964
-0.099872254   -0.036684677   0.09386547   0.20056872   -0.07911985   -0.17303877   0.20810747   -0.03794003   0.14072698   -0.75627846   0.061721563   -0.50416785
-0.3152674   0.07850189   0.014716135   0.75423145   -0.05507455   -0.29266864   0.027024245   -0.00074216386   -0.085272476   0.0749962   -0.06854415   -0.048000492
-0.25268   0.11362541   -0.018201133   0.7991635   -0.11864678   0.08855859   0.13783655   0.051304717   -0.049082946   -0.05951206   -0.026908567   0.009010464
-0.12345659   0.017107673   -0.03016354   0.31215814   -0.13459937   0.12807427   0.08516025   0.007886896   0.009440713   -0.069043   -0.006594542   0.021380961
0.043460377   -0.030892938   -0.01297149   -0.21686159   -0.025450954   0.06815209   0.07796451   -0.016820429   0.01930805   -0.08351133   0.001599657   0.024983143
0.12501058   -0.07350988   -0.020435283   -0.5568929   0.11855163   -0.014200441   0.06741629   -0.019721804   0.0018719733   -0.095435135   0.008596825   0.022508131
0.17431785   -0.054894734   -0.061234333   -0.7089173   0.19348   0.17450464   0.01644854   0.021092476   -0.019232273   -0.02464876   -0.011847842   0.046684887
0.11831772   0.048035234   -0.10157549   -0.35933453   0.3138691   -0.63329613   -0.27815378   0.08744042   -0.03971311   0.5026481   -0.14702465   0.3481811
0.10568203   -0.02192682   0.04288424   -0.022701263   -0.035500195   -0.00075303426   -0.27205512   -0.042088225   -0.025008632   0.7660839   -0.06436042   -0.062479477
0.07876807   -0.03611378   -0.008429128   -0.06522583   -0.0033684713   0.004414538   -0.20592313   -0.028481886   -0.007951233   0.4762802   -0.09212338   -0.27509162
0.09883162   -0.0022082827   -0.01793709   -0.0912322   0.0061801113   -0.013247952   0.01097087   0.023189683   0.05693339   -0.11821997   0.031388793   0.014558322
0.1034649   0.0013217783   -0.0026502623   -0.097520165   0.004112974   -0.016578022   0.10153116   0.014207332   0.09311223   -0.39992094   0.12542173   0.05554989
0.08034775   -0.0034206614   -0.004366509   -0.06303533   -0.010189663   -0.018968906   0.12971207   -0.013575831   0.1017098   -0.49378443   0.13733278   0.044822454
0.054578185   -0.014592153   -0.011928978   -0.012974656   -0.03278813   -0.021840459   0.16827174   -0.05343932   0.103079654   -0.56793976   0.12286923   -0.019295959
0.06331939   0.03816183   -0.027214719   0.0023322634   -0.035711225   -0.06325697   0.08705648   0.03505906   -0.02596404   -0.032070138   -0.007577039   -0.07393974
0.010939655   0.07374319   -0.0077353935   0.027550412   0.06579349   -0.019391226   0.15852748   0.05649802   -0.043045167   -0.20394266   0.064750835   -0.024399389
0.012231964   0.026744982   -0.051310744   -0.033757936   0.10041304   -0.028142963   0.13749544   0.023875963   -0.018381821   -0.21687753   0.07668581   -0.026594425
0.018189942   0.006153345   -0.05219859   -0.037164915   0.09670557   -0.022973089   0.1205313   0.0052895616   -0.002941621   -0.20413657   0.076541625   -0.017369797
0.0072081923   -0.007406827   -0.05140346   -0.020431345   0.087817125   -0.044963036   0.1033384   -0.009240646   0.0018308522   -0.18629657   0.07304489   -0.009927878
-0.007490214   -0.017907964   -0.04229444   -0.009044944   0.07852535   -0.0675319   0.08770101   -0.021627905   0.0020234406   -0.1701792   0.06779796   -0.008313979
-0.012625082   -0.021925582   -0.032681223   -0.009924095   0.06678923   -0.08025136   0.07628556   -0.028204918   -0.002825583   -0.15535572   0.064313404   -0.0028158766
-0.0048814556   -0.020641057   -0.019700747   -0.026399676   0.055721678   -0.081078865   0.06700792   -0.030026764   -0.005723539   -0.1393817   0.059117027   0.00058418704
0.010381098   -0.013479765   -0.01359279   -0.057689082   0.046730738   -0.06344208   0.057619818   -0.02748549   -0.008849745   -0.11938804   0.05144614   0.001954685
0.029495249   -0.0018720285   -0.009794052   -0.092558965   0.036866885   -0.046418663   0.05113299   -0.021700189   -0.01105925   -0.10008768   0.043260586   0.0027306983
0.05732118   0.00992969   -0.009141813   -0.14121258   0.026692582   -0.036072087   0.052428074   -0.014929794   -0.014917204   -0.090812705   0.038735017   0.0035405958
0.08468962   0.01868171   -0.010612515   -0.18717201   0.021505583   -0.01758222   0.051630355   -0.008269613   -0.0177101   -0.083283275   0.034927312   0.0040157973
0.11533319   0.02398598   -0.012795033   -0.22495799   0.02275554   0.0147841945   0.049986508   -0.0015760243   -0.015396284   -0.07605063   0.032936495   0.005426695
0.15206026   0.026497623   -0.020356644   -0.2618376   0.0082902   0.025698826   0.047092054   0.0053908187   -0.010241657   -0.06886684   0.031086398   0.006865047
0.18345062   0.024199853   -0.037001427   -0.2984793   0.013335073   0.06614062   0.038340736   0.012858393   -0.0024661096   -0.059302237   0.030786742   0.008675444
0.1816931   0.03606852   -0.03240597   -0.30737075   0.026979128   0.087186694   0.024063783   0.023056967   0.0010385485   -0.046490055   0.02949263   0.0093959905
0.13123837   0.02477621   0.00077804056   -0.2410938   0.11714045   0.10906225   0.028262038   0.016713861   -0.0037276845   -0.052827712   0.031944584   0.011135944
0.12931369   -0.04986454   0.021530088   -0.21192668   0.10090498   0.026859066   0.05920213   -0.064127766   0.015808273   -0.08620098   0.04318056   0.03024653
0.09431777   -0.021822622   0.012344122   -0.17206782   0.086388804   0.009077522   0.059872743   -0.03437731   0.0077660936   -0.11057953   0.05696041   0.018849032
0.06871728   -0.0007964014   0.018119892   -0.12776858   0.06703633   0.0056183147   0.0679874   -0.013963406   0.007936946   -0.13013937   0.067953944   0.012228884
0.062573716   -0.0015699391   0.00814996   -0.11939428   0.062503934   0.008514994   0.06143515   -0.0114305755   0.0049250657   -0.12066287   0.063700035   0.008750042
0.052534487   -0.004708245   0.007896042   -0.11038449   0.05754313   0.0046628932   0.04939521   -0.0139133185   0.00486222   -0.107992224   0.058414377   0.008563413
0.039805733   -0.00022172339   0.015977995   -0.09795606   0.054721195   0.0010804513   0.03908885   -0.011880186   0.0019118661   -0.09510239   0.052199062   0.0073855533
0.028306881   0.005212264   0.025758907   -0.08487219   0.052164998   -0.0054495237   0.032395042   -0.010032635   -0.003766721   -0.08257976   0.044871174   0.005968221
0.02235365   0.006127318   0.028515493   -0.07381981   0.04641788   -0.009261289   0.027395947   -0.008912622   -0.004202777   -0.07240332   0.03882808   0.005000385
0.016904196   0.00638088   0.029097626   -0.062890254   0.04054168   -0.012389552   0.02326338   -0.007730176   -0.0038545765   -0.06432014   0.034010347   0.0040688864
0.012949005   0.0056820563   0.026397629   -0.053270526   0.034410354   -0.013884095   0.019572157   -0.0065491507   -0.0029051236   -0.05695414   0.029710878   0.0030531127
0.009858812   0.0046777218   0.021874737   -0.045034595   0.028672392   -0.0142513905   0.016048135   -0.005321401   -0.0018688104   -0.050118115   0.025852084   0.002007556
0.007108265   0.003588279   0.016357355   -0.037761133   0.023334702   -0.014312197   0.012263003   -0.0040636794   -0.0008045868   -0.04331778   0.02228179   0.000969624
0.005528362   0.0029668752   0.011893581   -0.032475937   0.019152414   -0.013479704   0.009574438   -0.0027879344   0.0001797323   -0.038043793   0.019430732   -1.2610342e-05
0.004260124   0.002573907   0.007754314   -0.027862621   0.015384878   -0.012853644   0.0069512175   -0.0014883181   0.0010595424   -0.032781065   0.016736595   -0.00097340124
0.0032598712   0.0025151398   0.0043102982   -0.023907011   0.012177866   -0.012620759   0.004930303   -0.00024041759   0.0015550798   -0.02821587   0.014337673   -0.0019191977
0.0022205014   0.0031523244   0.0030978706   -0.020562116   0.010154477   -0.012231229   0.0033762683   0.0009375983   0.0014018181   -0.024008874   0.012151024   -0.0027024176
0.0018105494   0.0038690467   0.0024463749   -0.018318977   0.008708099   -0.012167784   0.0026717146   0.0018789985   0.0008959944   -0.020811558   0.010293367   -0.0033439398
0.0013082483   0.0044613974   0.0018602256   -0.015820483   0.0072032786   -0.012644777   0.0019045686   0.0026853804   0.00048755886   -0.017494423   0.008472229   -0.003956464
0.0012456289   0.0048691207   0.0015106251   -0.013741146   0.006077753   -0.012391312   0.0016600894   0.0032718435   0.00021280216   -0.014824869   0.006997333   -0.0042362423
0.0010230431   0.005133369   0.0011346238   -0.012095298   0.0051800706   -0.012510252   0.0013253372   0.0036752638   -4.694077e-05   -0.012747759   0.005890448   -0.0045333453
0.0008231301   0.005256601   0.0008195514   -0.010787548   0.0045688516   -0.012081715   0.0010001019   0.003926523   -0.00028571094   -0.010984424   0.0050172065   -0.004612136
0.0005812794   0.005309503   0.00052015646   -0.00950773   0.004023747   -0.011737544   0.000621044   0.00410702   -0.00048090826   -0.009270058   0.0042250487   -0.0046680034
0.00041620556   0.005290652   0.0002671225   -0.008358842   0.0035427697   -0.011565053   0.00035014757   0.0041967253   -0.0006228595   -0.0077958875   0.0035583766   -0.004698844
0.00026659542   0.0052036988   9.6865835e-05   -0.0073909136   0.0031884534   -0.010846353   0.00015000146   0.0042124274   -0.00072996365   -0.0066231764   0.003054329   -0.0045531364
4.6663194e-05   0.005089444   -5.6055673e-05   -0.0065216343   0.0029125588   -0.010208281   -0.00011429171   0.0041934378   -0.00081038394   -0.005589429   0.0026677805   -0.0044223615
-0.00010942824   0.004922437   -0.00021272314   -0.0057060025   0.0026582885   -0.009939152   -0.00025009888   0.004101185   -0.0008720793   -0.004751405   0.0023725168   -0.0043267063
-0.00023962434   0.004729084   -0.0003595608   -0.0050596925   0.0025106857   -0.009391528   -0.00033755394   0.003972058   -0.0009666332   -0.004084873   0.0021589682   -0.004147506
-0.00040069004   0.004480072   -0.0004881569   -0.0044340487   0.0023845695   -0.008659846   -0.00041557857   0.003783995   -0.001059744   -0.0035081785   0.001994721   -0.0038834442
-0.0005292272   0.0042307586   -0.0006325795   -0.0039275605   0.0023315267   -0.008149603   -0.0004657045   0.0035787944   -0.0011748037   -0.0030229457   0.00188175   -0.0036624079
-0.0006785208   0.003938253   -0.0007765739   -0.0034485764   0.0023121738   -0.007619643   -0.0005247518   0.003326075   -0.0012936977   -0.0025796702   0.0017964401   -0.0034079317
-0.0007821507   0.0036263447   -0.00090792135   -0.0030542167   0.002323479   -0.0071444623   -0.0005458571   0.0030417484   -0.0014178151   -0.0021985571   0.0017279274   -0.0031381666
-0.00089024095   0.003292537   -0.0010353535   -0.002701158   0.0023655582   -0.0066437596   -0.0005839101   0.0027342038   -0.00154118   -0.0018345875   0.0016707005   -0.00285124
-0.0009519296   0.0029478783   -0.0011425149   -0.0024101539   0.0024091147   -0.006180518   -0.0005952966   0.0024082367   -0.0016569159   -0.0015019389   0.001609516   -0.0025538232
-0.0010032922   0.0025961844   -0.0012299254   -0.0021686566   0.002477841   -0.005694696   -0.000627815   0.002075428   -0.0017554968   -0.0011757368   0.0015509616   -0.0022498223
-0.0010274907   0.00226264   -0.0012788485   -0.0019789522   0.0025774017   -0.0052731647   -0.0006836622   0.0017606126   -0.001811087   -0.00084960985   0.001507195   -0.0019614869
-0.0010446388   0.001937955   -0.0013071768   -0.0018263744   0.0026327618   -0.004650688   -0.0007508836   0.0014607173   -0.0018595746   -0.00053498294   0.0014324596   -0.0016526089
-0.0010419443   0.0016268265   -0.0012985878   -0.0016493629   0.0026650724   -0.004114087   -0.0007964321   0.0011756875   -0.0018562683   -0.00025031486   0.0013689277   -0.0013714138
-0.0010130967   0.0013378322   -0.0012476139   -0.001521498   0.0027019612   -0.003630323   -0.00085673324   0.00091111026   -0.0018102439   1.9193663e-05   0.0013141579   -0.0011043757
-0.0010149225   0.0010752964   -0.0012114769   -0.001381588   0.0026977821   -0.0030652815   -0.000914495   0.000677334   -0.0017782983   0.00024880932   0.0012520434   -0.00085713016
-0.0010015193   0.00084695494   -0.0011288031   -0.0012704713   0.0027121294   -0.002543472   -0.0009834945   0.00047799532   -0.001695185   0.00044953177   0.0012159515   -0.00063202943
-0.0009516338   0.0006423052   -0.00096376234   -0.0011082585   0.002660344   -0.0020761646   -0.0009934214   0.00030343782   -0.0015217122   0.0005731208   0.001211091   -0.00043327344
